home_form_xg_for,home_form_xg_against,home_form_xg_diff,home_form_wins,home_form_draws,home_form_losses,home_form_goals_for,home_form_goals_against,home_form_points,home_form_trend,away_form_xg_for,away_form_xg_against,away_form_xg_diff,away_form_wins,away_form_draws,away_form_losses,away_form_goals_for,away_form_goals_against,away_form_points,away_form_trend,h2h_home_wins,h2h_draws,h2h_away_wins,h2h_home_goals_avg,h2h_away_goals_avg,h2h_home_xg_avg,h2h_away_xg_avg,h2h_total_over25,home_position,home_points,home_goal_difference,home_pressure_top,home_pressure_relegation,away_position,away_points,away_goal_difference,away_pressure_top,away_pressure_relegation,home_winning_streak,home_unbeaten_streak,home_losing_streak,home_clean_sheet_streak,home_scoring_streak,home_xg_momentum,away_winning_streak,away_unbeaten_streak,away_losing_streak,away_clean_sheet_streak,away_scoring_streak,away_xg_momentum,position_gap,points_gap,form_diff,momentum_diff,match_id,date,league,home_team,away_team
1.3,1.3,0.0,0,0,0,1.0,1.0,0,0.0,1.57,1.16,0.41,0,0,0,1.57,1.16,0,0.0,0,0,0,1.0,1.0,1.3,1.3,0,10,0,0,0.0,0.0,10,0,0,0.0,0.0,0,0,0,0,0,0.0,0,0,0,0,0,0.0,0,0,-0.41,0.0,20260102_536987_SA,2026-01-02,Serie A,Cagliari Calcio,AC Milan
1.3,1.3,0.0,0,0,0,1.0,1.0,0,0.0,1.3,1.3,0.0,0,0,0,1.0,1.0,0,0.0,0,0,0,1.0,1.0,1.3,1.3,0,10,0,0,0.0,0.0,10,0,0,0.0,0.0,0,0,0,0,0,0.0,0,0,0,0,0,0.0,0,0,0.0,0.0,20260102_544388_PD,2026-01-02,Primera Division,Rayo Vallecano de Madrid,Getafe CF
1.3,1.3,0.0,0,0,0,1.0,1.0,0,0.0,1.3,1.3,0.0,0,0,0,1.0,1.0,0,0.0,0,0,0,1.0,1.0,1.3,1.3,0,10,0,0,0.0,0.0,10,0,0,0.0,0.0,0,0,0,0,0,0.0,0,0,0,0,0,0.0,0,0,0.0,0.0,20260102_542553_FL1,2026-01-02,Ligue 1,Toulouse FC,Racing Club de Lens
1.25,1.46,-0.21,0,0,0,1.25,1.46,0,0.0,1.34,1.78,-0.44,0,0,0,1.34,1.78,0,0.0,0,0,0,1.0,1.0,1.3,1.3,0,10,0,0,0.0,0.0,10,0,0,0.0,0.0,0,0,0,0,0,0.0,0,0,0,0,0,0.0,0,0,0.23,0.0,20260103_536989_SA,2026-01-03,Serie A,Como 1907,Udinese Calcio
1.35,1.46,-0.11,0,0,0,1.35,1.46,0,0.0,1.44,1.65,-0.21,0,0,0,1.44,1.65,0,0.0,0,0,0,1.0,1.0,1.3,1.3,0,10,0,0,0.0,0.0,10,0,0,0.0,0.0,0,0,0,0,0,0.0,0,0,0,0,0,0.0,0,0,0.0999999999999999,0.0,20260103_536988_SA,2026-01-03,Serie A,Genoa CFC,AC Pisa 1909
1.3,1.3,0.0,0,0,0,1.0,1.0,0,0.0,1.42,1.36,0.06,0,0,0,1.42,1.36,0,0.0,0,0,0,1.0,1.0,1.3,1.3,0,10,0,0,0.0,0.0,10,0,0,0.0,0.0,0,0,0,0,0,0.0,0,0,0,0,0,0.0,0,0,-0.06,0.0,20260103_536994_SA,2026-01-03,Serie A,US Sassuolo Calcio,Parma Calcio 1913
1.79,1.55,0.24,0,0,0,1.79,1.55,0,0.0,1.3,1.3,0.0,0,0,0,1.0,1.0,0,0.0,0,0,0,1.0,1.0,1.3,1.3,0,10,0,0,0.0,0.0,10,0,0,0.0,0.0,0,0,0,0,0,0.0,0,0,0,0,0,0.0,0,0,0.24,0.0,20260103_536992_SA,2026-01-03,Serie A,Juventus FC,US Lecce
1.3,1.3,0.0,0,0,0,1.0,1.0,0,0.0,1.81,1.57,0.24,0,0,0,1.81,1.57,0,0.0,0,0,0,1.0,1.0,1.3,1.3,0,10,0,0,0.0,0.0,10,0,0,0.0,0.0,0,0,0,0,0,0.0,0,0,0,0,0,0.0,0,0,-0.24,0.0,20260103_536986_SA,2026-01-03,Serie A,Atalanta BC,AS Roma
1.33,1.6,-0.28,0,0,0,1.33,1.6,0,0.0,1.25,1.56,-0.32,0,0,0,1.25,1.56,0,0.0,0,0,0,1.0,1.0,1.3,1.3,0,10,0,0,0.0,0.0,10,0,0,0.0,0.0,0,0,0,0,0,0.0,0,0,0,0,0,0.0,0,0,0.0399999999999999,0.0,20260103_537976_PL,2026-01-03,Premier League,Aston Villa FC,Nottingham Forest FC
1.24,1.66,-0.43,0,0,0,1.24,1.66,0,0.0,1.22,1.32,-0.1,0,0,0,1.22,1.32,0,0.0,0,0,0,1.0,1.0,1.3,1.3,0,10,0,0,0.0,0.0,10,0,0,0.0,0.0,0,0,0,0,0,0.0,0,0,0,0,0,0.0,0,0,-0.3299999999999999,0.0,20260103_537977_PL,2026-01-03,Premier League,Brighton & Hove Albion FC,Burnley FC
1.41,1.58,-0.17,0,0,0,1.41,1.58,0,0.0,1.24,1.47,-0.23,0,0,0,1.24,1.47,0,0.0,0,0,0,1.0,1.0,1.3,1.3,0,10,0,0,0.0,0.0,10,0,0,0.0,0.0,0,0,0,0,0,0.0,0,0,0,0,0,0.0,0,0,0.06,0.0,20260103_537984_PL,2026-01-03,Premier League,Wolverhampton Wanderers FC,West Ham United FC
1.3,1.47,-0.17,0,0,0,1.3,1.47,0,0.0,1.94,1.3,0.64,0,0,0,1.94,1.3,0,0.0,0,0,0,1.0,1.0,1.3,1.3,0,10,0,0,0.0,0.0,10,0,0,0.0,0.0,0,0,0,0,0,0.0,0,0,0,0,0,0.0,0,0,-0.81,0.0,20260103_537975_PL,2026-01-03,Premier League,AFC Bournemouth,Arsenal FC
1.33,1.2,0.12,0,0,0,1.33,1.2,0,0.0,1.3,1.3,0.0,0,0,0,1.0,1.0,0,0.0,0,0,0,1.0,1.0,1.3,1.3,0,10,0,0,0.0,0.0,10,0,0,0.0,0.0,0,0,0,0,0,0.0,0,0,0,0,0,0.0,0,0,0.12,0.0,20260103_544382_PD,2026-01-03,Primera Division,RC Celta de Vigo,Valencia CF
1.4,1.4,0.01,0,0,0,1.4,1.4,0,0.0,1.3,1.3,0.0,0,0,0,1.0,1.0,0,0.0,0,0,0,1.0,1.0,1.3,1.3,0,10,0,0,0.0,0.0,10,0,0,0.0,0.0,0,0,0,0,0,0.0,0,0,0,0,0,0.0,0,0,0.01,0.0,20260103_544384_PD,2026-01-03,Primera Division,CA Osasuna,Athletic Club
1.3,1.3,0.0,0,0,0,1.0,1.0,0,0.0,1.3,1.3,0.0,0,0,0,1.0,1.0,0,0.0,0,0,0,1.0,1.0,1.3,1.3,0,10,0,0,0.0,0.0,10,0,0,0.0,0.0,0,0,0,0,0,0.0,0,0,0,0,0,0.0,0,0,0.0,0.0,20260103_544383_PD,2026-01-03,Primera Division,Elche CF,Villarreal CF
1.3,1.3,0.0,0,0,0,1.0,1.0,0,0.0,1.3,1.3,0.0,0,0,0,1.0,1.0,0,0.0,0,0,0,1.0,1.0,1.3,1.3,0,10,0,0,0.0,0.0,10,0,0,0.0,0.0,0,0,0,0,0,0.0,0,0,0,0,0,0.0,0,0,0.0,0.0,20260103_544386_PD,2026-01-03,Primera Division,RCD Espanyol de Barcelona,FC Barcelona
1.3,1.3,0.0,0,0,0,1.0,1.0,0,0.0,1.3,1.3,0.0,0,0,0,1.0,1.0,0,0.0,0,0,0,1.0,1.0,1.3,1.3,0,10,0,0,0.0,0.0,10,0,0,0.0,0.0,0,0,0,0,0,0.0,0,0,0,0,0,0.0,0,0,0.0,0.0,20260103_542551_FL1,2026-01-03,Ligue 1,AS Monaco FC,Olympique Lyonnais
1.3,1.3,0.0,0,0,0,1.0,1.0,0,0.0,1.3,1.3,0.0,0,0,0,1.0,1.0,0,0.0,0,0,0,1.0,1.0,1.3,1.3,0,10,0,0,0.0,0.0,10,0,0,0.0,0.0,0,0,0,0,0,0.0,0,0,0,0,0,0.0,0,0,0.0,0.0,20260103_542554_FL1,2026-01-03,Ligue 1,OGC Nice,RC Strasbourg Alsace
1.3,1.3,0.0,0,0,0,1.0,1.0,0,0.0,1.3,1.3,0.0,0,0,0,1.0,1.0,0,0.0,0,0,0,1.0,1.0,1.3,1.3,0,10,0,0,0.0,0.0,10,0,0,0.0,0.0,0,0,0,0,0,0.0,0,0,0,0,0,0.0,0,0,0.0,0.0,20260103_542556_FL1,2026-01-03,Ligue 1,Lille OSC,Stade Rennais FC 1901
1.94,1.26,0.68,0,0,0,1.94,1.26,0,0.0,1.3,1.3,0.0,0,0,0,1.0,1.0,0,0.0,0,0,0,1.0,1.0,1.3,1.3,0,10,0,0,0.0,0.0,10,0,0,0.0,0.0,0,0,0,0,0,0.0,0,0,0,0,0,0.0,0,0,0.68,0.0,20260104_536993_SA,2026-01-04,Serie A,SS Lazio,SSC Napoli
1.29,1.34,-0.04,0,0,0,1.29,1.34,0,0.0,1.3,1.3,0.0,0,0,0,1.0,1.0,0,0.0,0,0,0,1.0,1.0,1.3,1.3,0,10,0,0,0.0,0.0,10,0,0,0.0,0.0,0,0,0,0,0,0.0,0,0,0,0,0,0.0,0,0,-0.04,0.0,20260104_536985_SA,2026-01-04,Serie A,ACF Fiorentina,US Cremonese
1.3,1.3,0.0,0,0,0,1.0,1.0,0,0.0,1.21,1.39,-0.18,0,0,0,1.21,1.39,0,0.0,0,0,0,1.0,1.0,1.3,1.3,0,10,0,0,0.0,0.0,10,0,0,0.0,0.0,0,0,0,0,0,0.0,0,0,0,0,0,0.0,0,0,0.18,0.0,20260104_536990_SA,2026-01-04,Serie A,Hellas Verona FC,Torino FC
1.3,1.3,0.0,0,0,0,1.0,1.0,0,0.0,1.3,1.3,0.0,0,0,0,1.0,1.0,0,0.0,0,0,0,1.0,1.0,1.3,1.3,0,10,0,0,0.0,0.0,10,0,0,0.0,0.0,0,0,0,0,0,0.0,0,0,0,0,0,0.0,0,0,0.0,0.0,20260104_536991_SA,2026-01-04,Serie A,FC Internazionale Milano,Bologna FC 1909
1.3,1.34,-0.05,0,0,0,1.3,1.34,0,0.0,1.68,1.4,0.28,0,0,0,1.68,1.4,0,0.0,0,0,0,1.0,1.0,1.3,1.3,0,10,0,0,0.0,0.0,10,0,0,0.0,0.0,0,0,0,0,0,0.0,0,0,0,0,0,0.0,0,0,-0.33,0.0,20260104_537980_PL,2026-01-04,Premier League,Leeds United FC,Manchester United FC
1.35,1.6,-0.25,0,0,0,1.35,1.6,0,0.0,1.35,1.37,-0.02,0,0,0,1.35,1.37,0,0.0,0,0,0,1.0,1.0,1.3,1.3,0,10,0,0,0.0,0.0,10,0,0,0.0,0.0,0,0,0,0,0,0.0,0,0,0,0,0,0.0,0,0,-0.23,0.0,20260104_537978_PL,2026-01-04,Premier League,Everton FC,Brentford FC
1.3,1.3,0.0,0,0,0,1.0,1.0,0,0.0,1.78,1.32,0.47,0,0,0,1.78,1.32,0,0.0,0,0,0,1.0,1.0,1.3,1.3,0,10,0,0,0.0,0.0,10,0,0,0.0,0.0,0,0,0,0,0,0.0,0,0,0,0,0,0.0,0,0,-0.47,0.0,20260104_537979_PL,2026-01-04,Premier League,Fulham FC,Liverpool FC
1.32,1.44,-0.12,0,0,0,1.32,1.44,0,0.0,1.41,1.59,-0.18,0,0,0,1.41,1.59,0,0.0,0,0,0,1.0,1.0,1.3,1.3,0,10,0,0,0.0,0.0,10,0,0,0.0,0.0,0,0,0,0,0,0.0,0,0,0,0,0,0.0,0,0,0.06,0.0,20260104_537982_PL,2026-01-04,Premier League,Newcastle United FC,Crystal Palace FC
1.27,1.5,-0.24,0,0,0,1.27,1.5,0,0.0,1.29,1.3,-0.01,0,0,0,1.29,1.3,0,0.0,0,0,0,1.0,1.0,1.3,1.3,0,10,0,0,0.0,0.0,10,0,0,0.0,0.0,0,0,0,0,0,0.0,0,0,0,0,0,0.0,0,0,-0.2299999999999999,0.0,20260104_537983_PL,2026-01-04,Premier League,Tottenham Hotspur FC,Sunderland AFC
1.91,1.27,0.64,0,0,0,1.91,1.27,0,0.0,1.84,1.31,0.53,0,0,0,1.84,1.31,0,0.0,0,0,0,1.0,1.0,1.3,1.3,0,10,0,0,0.0,0.0,10,0,0,0.0,0.0,0,0,0,0,0,0.0,0,0,0,0,0,0.0,0,0,0.1099999999999999,0.0,20260104_537981_PL,2026-01-04,Premier League,Manchester City FC,Chelsea FC
1.82,1.61,0.21,0,0,0,1.82,1.61,0,0.0,1.33,1.33,-0.0,0,0,0,1.33,1.33,0,0.0,0,0,0,1.0,1.0,1.3,1.3,0,10,0,0,0.0,0.0,10,0,0,0.0,0.0,0,0,0,0,0,0.0,0,0,0,0,0,0.0,0,0,0.21,0.0,20260104_544390_PD,2026-01-04,Primera Division,Sevilla FC,Levante UD
1.86,1.55,0.31,0,0,0,1.86,1.55,0,0.0,1.3,1.3,0.0,0,0,0,1.0,1.0,0,0.0,0,0,0,1.0,1.0,1.3,1.3,0,10,0,0,0.0,0.0,10,0,0,0.0,0.0,0,0,0,0,0,0.0,0,0,0,0,0,0.0,0,0,0.31,0.0,20260104_544387_PD,2026-01-04,Primera Division,Real Madrid CF,Real Betis Balompié
1.25,1.6,-0.35,0,0,0,1.25,1.6,0,0.0,1.29,1.54,-0.25,0,0,0,1.29,1.54,0,0.0,0,0,0,1.0,1.0,1.3,1.3,0,10,0,0,0.0,0.0,10,0,0,0.0,0.0,0,0,0,0,0,0.0,0,0,0,0,0,0.0,0,0,-0.0999999999999999,0.0,20260104_544381_PD,2026-01-04,Primera Division,Deportivo Alavés,Real Oviedo
1.3,1.3,0.0,0,0,0,1.0,1.0,0,0.0,1.3,1.3,0.0,0,0,0,1.0,1.0,0,0.0,0,0,0,1.0,1.0,1.3,1.3,0,10,0,0,0.0,0.0,10,0,0,0.0,0.0,0,0,0,0,0,0.0,0,0,0,0,0,0.0,0,0,0.0,0.0,20260104_544389_PD,2026-01-04,Primera Division,RCD Mallorca,Girona FC
1.3,1.3,0.0,0,0,0,1.0,1.0,0,0.0,1.3,1.3,0.0,0,0,0,1.0,1.0,0,0.0,0,0,0,1.0,1.0,1.3,1.3,0,10,0,0,0.0,0.0,10,0,0,0.0,0.0,0,0,0,0,0,0.0,0,0,0,0,0,0.0,0,0,0.0,0.0,20260104_544385_PD,2026-01-04,Primera Division,Real Sociedad de Fútbol,Club Atlético de Madrid
1.3,1.3,0.0,0,0,0,1.0,1.0,0,0.0,1.3,1.3,0.0,0,0,0,1.0,1.0,0,0.0,0,0,0,1.0,1.0,1.3,1.3,0,10,0,0,0.0,0.0,10,0,0,0.0,0.0,0,0,0,0,0,0.0,0,0,0,0,0,0.0,0,0,0.0,0.0,20260104_542555_FL1,2026-01-04,Ligue 1,Olympique de Marseille,FC Nantes
1.3,1.3,0.0,0,0,0,1.0,1.0,0,0.0,1.3,1.3,0.0,0,0,0,1.0,1.0,0,0.0,0,0,0,1.0,1.0,1.3,1.3,0,10,0,0,0.0,0.0,10,0,0,0.0,0.0,0,0,0,0,0,0.0,0,0,0,0,0,0.0,0,0,0.0,0.0,20260104_542550_FL1,2026-01-04,Ligue 1,Le Havre AC,Angers SCO
1.3,1.3,0.0,0,0,0,1.0,1.0,0,0.0,1.3,1.3,0.0,0,0,0,1.0,1.0,0,0.0,0,0,0,1.0,1.0,1.3,1.3,0,10,0,0,0.0,0.0,10,0,0,0.0,0.0,0,0,0,0,0,0.0,0,0,0,0,0,0.0,0,0,0.0,0.0,20260104_542552_FL1,2026-01-04,Ligue 1,FC Lorient,FC Metz
1.3,1.3,0.0,0,0,0,1.0,1.0,0,0.0,1.3,1.3,0.0,0,0,0,1.0,1.0,0,0.0,0,0,0,1.0,1.0,1.3,1.3,0,10,0,0,0.0,0.0,10,0,0,0.0,0.0,0,0,0,0,0,0.0,0,0,0,0,0,0.0,0,0,0.0,0.0,20260104_542558_FL1,2026-01-04,Ligue 1,Stade Brestois 29,AJ Auxerre
1.3,1.3,0.0,0,0,0,1.0,1.0,0,0.0,1.3,1.3,0.0,0,0,0,1.0,1.0,0,0.0,0,0,0,1.0,1.0,1.3,1.3,0,10,0,0,0.0,0.0,10,0,0,0.0,0.0,0,0,0,0,0,0.0,0,0,0,0,0,0.0,0,0,0.0,0.0,20260104_542557_FL1,2026-01-04,Ligue 1,Paris Saint-Germain FC,Paris FC
1.3,1.3,0.0,0,0,0,1.0,1.0,0,0.0,1.3,1.3,0.0,0,0,0,1.0,1.0,0,0.0,0,0,0,1.0,1.0,1.3,1.3,0,10,0,0,0.0,0.0,10,0,0,0.0,0.0,0,0,0,0,0,0.0,0,0,0,0,0,0.0,0,0,0.0,0.0,20251207_536946_SA,2025-12-07,Serie A,Torino FC,AC Milan
1.3,1.3,0.0,0,0,0,1.0,1.0,0,0.0,1.3,1.3,0.0,0,0,0,1.0,1.0,0,0.0,0,0,0,1.0,1.0,1.3,1.3,0,10,0,0,0.0,0.0,10,0,0,0.0,0.0,0,0,0,0,0,0.0,0,0,0,0,0,0.0,0,0,0.0,0.0,20251207_544358_PD,2025-12-07,Primera Division,CA Osasuna,Levante UD
1.3,1.3,0.0,0,0,0,1.0,1.0,0,0.0,1.3,1.3,0.0,0,0,0,1.0,1.0,0,0.0,0,0,0,1.0,1.0,1.3,1.3,0,10,0,0,0.0,0.0,10,0,0,0.0,0.0,0,0,0,0,0,0.0,0,0,0,0,0,0.0,0,0,0.0,0.0,20251207_536953_SA,2025-12-07,Serie A,Udinese Calcio,Genoa CFC
1.3,1.3,0.0,0,0,0,1.0,1.0,0,0.0,1.3,1.3,0.0,0,0,0,1.0,1.0,0,0.0,0,0,0,1.0,1.0,1.3,1.3,0,10,0,0,0.0,0.0,10,0,0,0.0,0.0,0,0,0,0,0,0.0,0,0,0,0,0,0.0,0,0,0.0,0.0,20251207_536950_SA,2025-12-07,Serie A,AC Pisa 1909,Parma Calcio 1913
1.3,1.3,0.0,0,0,0,1.0,1.0,0,0.0,1.3,1.3,0.0,0,0,0,1.0,1.0,0,0.0,0,0,0,1.0,1.0,1.3,1.3,0,10,0,0,0.0,0.0,10,0,0,0.0,0.0,0,0,0,0,0,0.0,0,0,0,0,0,0.0,0,0,0.0,0.0,20251207_537934_PL,2025-12-07,Premier League,Wolverhampton Wanderers FC,Manchester United FC
1.3,1.3,0.0,0,0,0,1.0,1.0,0,0.0,1.3,1.3,0.0,0,0,0,1.0,1.0,0,0.0,0,0,0,1.0,1.0,1.5,1.5,0,10,0,0,0.0,0.0,10,0,0,0.0,0.0,0,0,0,0,0,0.0,0,0,0,0,0,0.0,0,0,0.0,0.0,20251208_537934_PL,2025-12-08,Premier League,Wolverhampton Wanderers FC,Manchester United FC
1.3,1.3,0.0,0,0,0,1.0,1.0,0,0.0,1.3,1.3,0.0,0,0,0,1.0,1.0,0,0.0,0,0,0,1.0,1.0,1.5,1.5,0,10,0,0,0.0,0.0,10,0,0,0.0,0.0,0,0,0,0,0,0.0,0,0,0,0,0,0.0,0,0,0.0,0.0,20251208_544358_PD,2025-12-08,Primera Division,CA Osasuna,Levante UD
1.3,1.3,0.0,0,0,0,1.0,1.0,0,0.0,1.3,1.3,0.0,0,0,0,1.0,1.0,0,0.0,0,0,0,1.0,1.0,1.5,1.5,0,10,0,0,0.0,0.0,10,0,0,0.0,0.0,0,0,0,0,0,0.0,0,0,0,0,0,0.0,0,0,0.0,0.0,20251208_536953_SA,2025-12-08,Serie A,Udinese Calcio,Genoa CFC
1.3,1.3,0.0,0,0,0,1.0,1.0,0,0.0,1.3,1.3,0.0,0,0,0,1.0,1.0,0,0.0,0,0,0,1.0,1.0,1.5,1.5,0,10,0,0,0.0,0.0,10,0,0,0.0,0.0,0,0,0,0,0,0.0,0,0,0,0,0,0.0,0,0,0.0,0.0,20251208_536950_SA,2025-12-08,Serie A,AC Pisa 1909,Parma Calcio 1913
1.3,1.3,0.0,0,0,0,1.0,1.0,0,0.0,1.3,1.3,0.0,0,0,0,1.0,1.0,0,0.0,0,0,0,1.0,1.0,1.3,1.3,0,10,0,0,0.0,0.0,10,0,0,0.0,0.0,0,0,0,0,0,0.0,0,0,0,0,0,0.0,0,0,0.0,0.0,20251208_545813_PPL,2025-12-08,Primeira Liga,Vitória SC,Gil Vicente FC
1.3,1.3,0.0,0,0,0,1.0,1.0,0,0.0,1.3,1.3,0.0,0,0,0,1.0,1.0,0,0.0,0,0,0,1.0,1.0,1.11,1.37,0,10,0,0,0.0,0.0,10,0,0,0.0,0.0,0,0,0,0,0,0.0,0,0,0,0,0,0.0,0,0,0.0,0.0,20251208_536946_SA,2025-12-08,Serie A,Torino FC,AC Milan
1.3,1.3,0.0,0,0,0,1.0,1.0,0,0.0,1.3,1.3,0.0,0,0,0,1.0,1.0,0,0.0,0,0,0,1.0,1.0,1.3,1.3,0,10,0,0,0.0,0.0,10,0,0,0.0,0.0,0,0,0,0,0,0.0,0,0,0,0,0,0.0,0,0,0.0,0.0,20251209_551918_CL,2025-12-09,UEFA Champions League,Atalanta BC,Chelsea FC
1.3,1.3,0.0,0,0,0,1.0,1.0,0,0.0,1.3,1.3,0.0,0,0,0,1.0,1.0,0,0.0,0,0,0,1.0,1.0,1.3,1.3,0,10,0,0,0.0,0.0,10,0,0,0.0,0.0,0,0,0,0,0,0.0,0,0,0,0,0,0.0,0,0,0.0,0.0,20251209_552018_CL,2025-12-09,UEFA Champions League,Royale Union Saint-Gilloise,Olympique de Marseille
1.3,1.3,0.0,0,0,0,1.0,1.0,0,0.0,1.3,1.3,0.0,0,0,0,1.0,1.0,0,0.0,0,0,0,1.0,1.0,1.3,1.3,0,10,0,0,0.0,0.0,10,0,0,0.0,0.0,0,0,0,0,0,0.0,0,0,0,0,0,0.0,0,0,0.0,0.0,20251209_540940_ELC,2025-12-09,Championship,Blackburn Rovers FC,Oxford United FC
1.3,1.3,0.0,0,0,0,1.0,1.0,0,0.0,1.3,1.3,0.0,0,0,0,1.0,1.0,0,0.0,0,0,0,1.0,1.0,1.3,1.3,0,10,0,0,0.0,0.0,10,0,0,0.0,0.0,0,0,0,0,0,0.0,0,0,0,0,0,0.0,0,0,0.0,0.0,20251209_540941_ELC,2025-12-09,Championship,Charlton Athletic FC,Middlesbrough FC
1.3,1.3,0.0,0,0,0,1.0,1.0,0,0.0,1.3,1.3,0.0,0,0,0,1.0,1.0,0,0.0,0,0,0,1.0,1.0,1.3,1.3,0,10,0,0,0.0,0.0,10,0,0,0.0,0.0,0,0,0,0,0,0.0,0,0,0,0,0,0.0,0,0,0.0,0.0,20251209_540942_ELC,2025-12-09,Championship,Preston North End FC,Coventry City FC
1.3,1.3,0.0,0,0,0,1.0,1.0,0,0.0,1.3,1.3,0.0,0,0,0,1.0,1.0,0,0.0,0,0,0,1.0,1.0,1.3,1.3,0,10,0,0,0.0,0.0,10,0,0,0.0,0.0,0,0,0,0,0,0.0,0,0,0,0,0,0.0,0,0,0.0,0.0,20251209_540944_ELC,2025-12-09,Championship,Sheffield United FC,Norwich City FC
1.3,1.3,0.0,0,0,0,1.0,1.0,0,0.0,1.3,1.3,0.0,0,0,0,1.0,1.0,0,0.0,0,0,0,1.0,1.0,1.3,1.3,0,10,0,0,0.0,0.0,10,0,0,0.0,0.0,0,0,0,0,0,0.0,0,0,0,0,0,0.0,0,0,0.0,0.0,20251209_540945_ELC,2025-12-09,Championship,Southampton FC,West Bromwich Albion FC
1.3,1.3,0.0,0,0,0,1.0,1.0,0,0.0,1.3,1.3,0.0,0,0,0,1.0,1.0,0,0.0,0,0,0,1.0,1.0,1.3,1.3,0,10,0,0,0.0,0.0,10,0,0,0.0,0.0,0,0,0,0,0,0.0,0,0,0,0,0,0.0,0,0,0.0,0.0,20251209_540946_ELC,2025-12-09,Championship,Swansea City AFC,Portsmouth FC
1.3,1.3,0.0,0,0,0,1.0,1.0,0,0.0,1.3,1.3,0.0,0,0,0,1.0,1.0,0,0.0,0,0,0,1.0,1.0,1.3,1.3,0,10,0,0,0.0,0.0,10,0,0,0.0,0.0,0,0,0,0,0,0.0,0,0,0,0,0,0.0,0,0,0.0,0.0,20251209_540947_ELC,2025-12-09,Championship,Watford FC,Sheffield Wednesday FC
1.3,1.3,0.0,0,0,0,1.0,1.0,0,0.0,1.3,1.3,0.0,0,0,0,1.0,1.0,0,0.0,0,0,0,1.0,1.0,1.3,1.3,0,10,0,0,0.0,0.0,10,0,0,0.0,0.0,0,0,0,0,0,0.0,0,0,0,0,0,0.0,0,0,0.0,0.0,20251209_540943_ELC,2025-12-09,Championship,Queens Park Rangers FC,Birmingham City FC
1.3,1.3,0.0,0,0,0,1.0,1.0,0,0.0,1.3,1.3,0.0,0,0,0,1.0,1.0,0,0.0,0,0,0,1.0,1.0,1.3,1.3,0,10,0,0,0.0,0.0,10,0,0,0.0,0.0,0,0,0,0,0,0.0,0,0,0,0,0,0.0,0,0,0.0,0.0,20251209_552008_CL,2025-12-09,UEFA Champions League,PSV,Club Atlético de Madrid
1.3,1.3,0.0,0,0,0,1.0,1.0,0,0.0,1.3,1.3,0.0,0,0,0,1.0,1.0,0,0.0,0,0,0,1.0,1.0,1.3,1.3,0,10,0,0,0.0,0.0,10,0,0,0.0,0.0,0,0,0,0,0,0.0,0,0,0,0,0,0.0,0,0,0.0,0.0,20251209_551953_CL,2025-12-09,UEFA Champions League,FC Barcelona,Eintracht Frankfurt
1.3,1.3,0.0,0,0,0,1.0,1.0,0,0.0,1.3,1.3,0.0,0,0,0,1.0,1.0,0,0.0,0,0,0,1.0,1.0,1.3,1.3,0,10,0,0,0.0,0.0,10,0,0,0.0,0.0,0,0,0,0,0,0.0,0,0,0,0,0,0.0,0,0,0.0,0.0,20251209_552041_CL,2025-12-09,UEFA Champions League,AS Monaco FC,Galatasaray SK
1.3,1.3,0.0,0,0,0,1.0,1.0,0,0.0,1.3,1.3,0.0,0,0,0,1.0,1.0,0,0.0,0,0,0,1.0,1.0,1.3,1.3,0,10,0,0,0.0,0.0,10,0,0,0.0,0.0,0,0,0,0,0,0.0,0,0,0,0,0,0.0,0,0,0.0,0.0,20251209_551931_CL,2025-12-09,UEFA Champions League,FC Internazionale Milano,Liverpool FC
1.3,1.3,0.0,0,0,0,1.0,1.0,0,0.0,1.3,1.3,0.0,0,0,0,1.0,1.0,0,0.0,0,0,0,1.0,1.0,1.3,1.3,0,10,0,0,0.0,0.0,10,0,0,0.0,0.0,0,0,0,0,0,0.0,0,0,0,0,0,0.0,0,0,0.0,0.0,20251209_552019_CL,2025-12-09,UEFA Champions League,Tottenham Hotspur FC,SK Slavia Praha
1.3,1.3,0.0,0,0,0,1.0,1.0,0,0.0,1.3,1.3,0.0,0,0,0,1.0,1.0,0,0.0,0,0,0,1.0,1.0,1.3,1.3,0,10,0,0,0.0,0.0,10,0,0,0.0,0.0,0,0,0,0,0,0.0,0,0,0,0,0,0.0,0,0,0.0,0.0,20251209_551912_CL,2025-12-09,UEFA Champions League,FC Bayern München,Sporting Clube de Portugal
1.3,1.3,0.0,0,0,0,1.0,1.0,0,0.0,1.3,1.3,0.0,0,0,0,1.0,1.0,0,0.0,0,0,0,1.0,1.0,1.3,1.3,0,10,0,0,0.0,0.0,10,0,0,0.0,0.0,0,0,0,0,0,0.0,0,0,0,0,0,0.0,0,0,0.0,0.0,20251209_552032_CL,2025-12-09,UEFA Champions League,FK Kairat,PAE Olympiakos SFP
1.3,1.3,0.0,0,0,0,1.0,1.0,0,0.0,1.3,1.3,0.0,0,0,0,1.0,1.0,0,0.0,0,0,0,1.0,1.0,1.3,1.3,0,10,0,0,0.0,0.0,10,0,0,0.0,0.0,0,0,0,0,0,0.0,0,0,0,0,0,0.0,0,0,0.0,0.0,20251210_552034_CL,2025-12-10,UEFA Champions League,Qarabağ Ağdam FK,AFC Ajax
1.3,1.3,0.0,0,0,0,1.0,1.0,0,0.0,1.3,1.3,0.0,0,0,0,1.0,1.0,0,0.0,0,0,0,1.0,1.0,1.3,1.3,0,10,0,0,0.0,0.0,10,0,0,0.0,0.0,0,0,0,0,0,0.0,0,0,0,0,0,0.0,0,0,0.0,0.0,20251210_540950_ELC,2025-12-10,Championship,Hull City AFC,Wrexham AFC
1.3,1.3,0.0,0,0,0,1.0,1.0,0,0.0,1.3,1.3,0.0,0,0,0,1.0,1.0,0,0.0,0,0,0,1.0,1.0,1.3,1.3,0,10,0,0,0.0,0.0,10,0,0,0.0,0.0,0,0,0,0,0,0.0,0,0,0,0,0,0.0,0,0,0.0,0.0,20251210_540948_ELC,2025-12-10,Championship,Bristol City FC,Leicester City FC
1.3,1.3,0.0,0,0,0,1.0,1.0,0,0.0,1.3,1.3,0.0,0,0,0,1.0,1.0,0,0.0,0,0,0,1.0,1.0,1.3,1.3,0,10,0,0,0.0,0.0,10,0,0,0.0,0.0,0,0,0,0,0,0.0,0,0,0,0,0,0.0,0,0,0.0,0.0,20251210_540949_ELC,2025-12-10,Championship,Derby County FC,Millwall FC
1.3,1.3,0.0,0,0,0,1.0,1.0,0,0.0,1.3,1.3,0.0,0,0,0,1.0,1.0,0,0.0,0,0,0,1.0,1.0,1.3,1.3,0,10,0,0,0.0,0.0,10,0,0,0.0,0.0,0,0,0,0,0,0.0,0,0,0,0,0,0.0,0,0,0.0,0.0,20251210_540951_ELC,2025-12-10,Championship,Ipswich Town FC,Stoke City FC
1.3,1.3,0.0,0,0,0,1.0,1.0,0,0.0,1.3,1.3,0.0,0,0,0,1.0,1.0,0,0.0,0,0,0,1.0,1.0,1.3,1.3,0,10,0,0,0.0,0.0,10,0,0,0.0,0.0,0,0,0,0,0,0.0,0,0,0,0,0,0.0,0,0,0.0,0.0,20251210_551923_CL,2025-12-10,UEFA Champions League,Real Madrid CF,Manchester City FC
1.3,1.3,0.0,0,0,0,1.0,1.0,0,0.0,1.3,1.3,0.0,0,0,0,1.0,1.0,0,0.0,0,0,0,1.0,1.0,1.3,1.3,0,10,0,0,0.0,0.0,10,0,0,0.0,0.0,0,0,0,0,0,0.0,0,0,0,0,0,0.0,0,0,0.0,0.0,20251210_552005_CL,2025-12-10,UEFA Champions League,Juventus FC,Paphos FC
1.3,1.3,0.0,0,0,0,1.0,1.0,0,0.0,1.3,1.3,0.0,0,0,0,1.0,1.0,0,0.0,0,0,0,1.0,1.0,1.3,1.3,0,10,0,0,0.0,0.0,10,0,0,0.0,0.0,0,0,0,0,0,0.0,0,0,0,0,0,0.0,0,0,0.0,0.0,20251210_551989_CL,2025-12-10,UEFA Champions League,Sport Lisboa e Benfica,SSC Napoli
1.3,1.3,0.0,0,0,0,1.0,1.0,0,0.0,1.3,1.3,0.0,0,0,0,1.0,1.0,0,0.0,0,0,0,1.0,1.0,1.3,1.3,0,10,0,0,0.0,0.0,10,0,0,0.0,0.0,0,0,0,0,0,0.0,0,0,0,0,0,0.0,0,0,0.0,0.0,20251210_551977_CL,2025-12-10,UEFA Champions League,Club Brugge KV,Arsenal FC
1.3,1.3,0.0,0,0,0,1.0,1.0,0,0.0,1.3,1.3,0.0,0,0,0,1.0,1.0,0,0.0,0,0,0,1.0,1.0,1.3,1.3,0,10,0,0,0.0,0.0,10,0,0,0.0,0.0,0,0,0,0,0,0.0,0,0,0,0,0,0.0,0,0,0.0,0.0,20251210_551974_CL,2025-12-10,UEFA Champions League,Bayer 04 Leverkusen,Newcastle United FC
1.3,1.3,0.0,0,0,0,1.0,1.0,0,0.0,1.3,1.3,0.0,0,0,0,1.0,1.0,0,0.0,0,0,0,1.0,1.0,1.3,1.3,0,10,0,0,0.0,0.0,10,0,0,0.0,0.0,0,0,0,0,0,0.0,0,0,0,0,0,0.0,0,0,0.0,0.0,20251210_551969_CL,2025-12-10,UEFA Champions League,Athletic Club,Paris Saint-Germain FC
1.3,1.3,0.0,0,0,0,1.0,1.0,0,0.0,1.3,1.3,0.0,0,0,0,1.0,1.0,0,0.0,0,0,0,1.0,1.0,1.3,1.3,0,10,0,0,0.0,0.0,10,0,0,0.0,0.0,0,0,0,0,0,0.0,0,0,0,0,0,0.0,0,0,0.0,0.0,20251210_551942_CL,2025-12-10,UEFA Champions League,Borussia Dortmund,FK Bodø/Glimt
1.3,1.3,0.0,0,0,0,1.0,1.0,0,0.0,1.3,1.3,0.0,0,0,0,1.0,1.0,0,0.0,0,0,0,1.0,1.0,1.3,1.3,0,10,0,0,0.0,0.0,10,0,0,0.0,0.0,0,0,0,0,0,0.0,0,0,0,0,0,0.0,0,0,0.0,0.0,20251210_552013_CL,2025-12-10,UEFA Champions League,Villarreal CF,FC København
1.3,1.3,0.0,0,0,0,1.0,1.0,0,0.0,1.3,1.3,0.0,0,0,0,1.0,1.0,0,0.0,0,0,0,1.0,1.0,1.3,1.3,0,10,0,0,0.0,0.0,10,0,0,0.0,0.0,0,0,0,0,0,0.0,0,0,0,0,0,0.0,0,0,0.0,0.0,20251211_VFB_STUTTGART_MACCABI_TEL_AVIV_EL,2025-12-11,EL,VfB Stuttgart,Maccabi Tel Aviv
1.3,1.3,0.0,0,0,0,1.0,1.0,0,0.0,1.3,1.3,0.0,0,0,0,1.0,1.0,0,0.0,0,0,0,1.0,1.0,1.3,1.3,0,10,0,0,0.0,0.0,10,0,0,0.0,0.0,0,0,0,0,0,0.0,0,0,0,0,0,0.0,0,0,0.0,0.0,20251211_NICE_SC_BRAGA_EL,2025-12-11,EL,Nice,SC Braga
1.3,1.3,0.0,0,0,0,1.0,1.0,0,0.0,1.3,1.3,0.0,0,0,0,1.0,1.0,0,0.0,0,0,0,1.0,1.0,1.3,1.3,0,10,0,0,0.0,0.0,10,0,0,0.0,0.0,0,0,0,0,0,0.0,0,0,0,0,0,0.0,0,0,0.0,0.0,20251211_SC_FREIBURG_SALZBURG_EL,2025-12-11,EL,SC Freiburg,Salzburg
1.3,1.3,0.0,0,0,0,1.0,1.0,0,0.0,1.3,1.3,0.0,0,0,0,1.0,1.0,0,0.0,0,0,0,1.0,1.0,1.3,1.3,0,10,0,0,0.0,0.0,10,0,0,0.0,0.0,0,0,0,0,0,0.0,0,0,0,0,0,0.0,0,0,0.0,0.0,20251211_SK_STURM_GRAZ_RED_STAR_BELGRADE_EL,2025-12-11,EL,SK Sturm Graz,Red Star Belgrade
1.3,1.3,0.0,0,0,0,1.0,1.0,0,0.0,1.3,1.3,0.0,0,0,0,1.0,1.0,0,0.0,0,0,0,1.0,1.0,1.3,1.3,0,10,0,0,0.0,0.0,10,0,0,0.0,0.0,0,0,0,0,0,0.0,0,0,0,0,0,0.0,0,0,0.0,0.0,20251211_PANATHINAIKOS_FC_VIKTORIA_PLZEN_EL,2025-12-11,EL,Panathinaikos FC,Viktoria Plzeň
1.3,1.3,0.0,0,0,0,1.0,1.0,0,0.0,1.3,1.3,0.0,0,0,0,1.0,1.0,0,0.0,0,0,0,1.0,1.0,1.3,1.3,0,10,0,0,0.0,0.0,10,0,0,0.0,0.0,0,0,0,0,0,0.0,0,0,0,0,0,0.0,0,0,0.0,0.0,20251211_FCSB_FEYENOORD_EL,2025-12-11,EL,FCSB,Feyenoord
1.3,1.3,0.0,0,0,0,1.0,1.0,0,0.0,1.3,1.3,0.0,0,0,0,1.0,1.0,0,0.0,0,0,0,1.0,1.0,1.3,1.3,0,10,0,0,0.0,0.0,10,0,0,0.0,0.0,0,0,0,0,0,0.0,0,0,0,0,0,0.0,0,0,0.0,0.0,20251211_CELTA_VIGO_BOLOGNA_EL,2025-12-11,EL,Celta Vigo,Bologna
1.3,1.3,0.0,0,0,0,1.0,1.0,0,0.0,1.3,1.3,0.0,0,0,0,1.0,1.0,0,0.0,0,0,0,1.0,1.0,1.3,1.3,0,10,0,0,0.0,0.0,10,0,0,0.0,0.0,0,0,0,0,0,0.0,0,0,0,0,0,0.0,0,0,0.0,0.0,20251211_FC_BASEL_ASTON_VILLA_EL,2025-12-11,EL,FC Basel,Aston Villa
1.3,1.3,0.0,0,0,0,1.0,1.0,0,0.0,1.3,1.3,0.0,0,0,0,1.0,1.0,0,0.0,0,0,0,1.0,1.0,1.3,1.3,0,10,0,0,0.0,0.0,10,0,0,0.0,0.0,0,0,0,0,0,0.0,0,0,0,0,0,0.0,0,0,0.0,0.0,20251211_FERENCVAROS_TC_RANGERS_FC_EL,2025-12-11,EL,Ferencváros TC,Rangers FC
1.3,1.3,0.0,0,0,0,1.0,1.0,0,0.0,1.3,1.3,0.0,0,0,0,1.0,1.0,0,0.0,0,0,0,1.0,1.0,1.3,1.3,0,10,0,0,0.0,0.0,10,0,0,0.0,0.0,0,0,0,0,0,0.0,0,0,0,0,0,0.0,0,0,0.0,0.0,20251211_FC_UTRECHT_NOTTINGHAM_FOREST_EL,2025-12-11,EL,FC Utrecht,Nottingham Forest
1.3,1.3,0.0,0,0,0,1.0,1.0,0,0.0,1.3,1.3,0.0,0,0,0,1.0,1.0,0,0.0,0,0,0,1.0,1.0,1.3,1.3,0,10,0,0,0.0,0.0,10,0,0,0.0,0.0,0,0,0,0,0,0.0,0,0,0,0,0,0.0,0,0,0.0,0.0,20251211_FC_MIDTJYLLAND_KRC_GENK_EL,2025-12-11,EL,FC Midtjylland,KRC Genk
1.3,1.3,0.0,0,0,0,1.0,1.0,0,0.0,1.3,1.3,0.0,0,0,0,1.0,1.0,0,0.0,0,0,0,1.0,1.0,1.3,1.3,0,10,0,0,0.0,0.0,10,0,0,0.0,0.0,0,0,0,0,0,0.0,0,0,0,0,0,0.0,0,0,0.0,0.0,20251211_DINAMO_ZAGREB_REAL_BETIS_EL,2025-12-11,EL,Dinamo Zagreb,Real Betis
1.3,1.3,0.0,0,0,0,1.0,1.0,0,0.0,1.3,1.3,0.0,0,0,0,1.0,1.0,0,0.0,0,0,0,1.0,1.0,1.3,1.3,0,10,0,0,0.0,0.0,10,0,0,0.0,0.0,0,0,0,0,0,0.0,0,0,0,0,0,0.0,0,0,0.0,0.0,20251211_CELTIC_AS_ROMA_EL,2025-12-11,EL,Celtic,AS Roma
1.3,1.3,0.0,0,0,0,1.0,1.0,0,0.0,1.3,1.3,0.0,0,0,0,1.0,1.0,0,0.0,0,0,0,1.0,1.0,1.3,1.3,0,10,0,0,0.0,0.0,10,0,0,0.0,0.0,0,0,0,0,0,0.0,0,0,0,0,0,0.0,0,0,0.0,0.0,20251211_PORTO_MALMO_FF_EL,2025-12-11,EL,Porto,Malmo FF
1.3,1.3,0.0,0,0,0,1.0,1.0,0,0.0,1.3,1.3,0.0,0,0,0,1.0,1.0,0,0.0,0,0,0,1.0,1.0,1.3,1.3,0,10,0,0,0.0,0.0,10,0,0,0.0,0.0,0,0,0,0,0,0.0,0,0,0,0,0,0.0,0,0,0.0,0.0,20251211_LYON_GO_AHEAD_EAGLES_EL,2025-12-11,EL,Lyon,Go Ahead Eagles
1.3,1.3,0.0,0,0,0,1.0,1.0,0,0.0,1.3,1.3,0.0,0,0,0,1.0,1.0,0,0.0,0,0,0,1.0,1.0,1.3,1.3,0,10,0,0,0.0,0.0,10,0,0,0.0,0.0,0,0,0,0,0,0.0,0,0,0,0,0,0.0,0,0,0.0,0.0,20251211_SK_BRANN_FENERBAHCE_EL,2025-12-11,EL,SK Brann,Fenerbahce
1.3,1.3,0.0,0,0,0,1.0,1.0,0,0.0,1.3,1.3,0.0,0,0,0,1.0,1.0,0,0.0,0,0,0,1.0,1.0,1.3,1.3,0,10,0,0,0.0,0.0,10,0,0,0.0,0.0,0,0,0,0,0,0.0,0,0,0,0,0,0.0,0,0,0.0,0.0,20251211_PFC_LUDOGORETS_RAZGRAD_PAOK_EL,2025-12-11,EL,PFC Ludogorets Razgrad,PAOK
1.3,1.3,0.0,0,0,0,1.0,1.0,0,0.0,1.3,1.3,0.0,0,0,0,1.0,1.0,0,0.0,0,0,0,1.0,1.0,1.3,1.3,0,10,0,0,0.0,0.0,10,0,0,0.0,0.0,0,0,0,0,0,0.0,0,0,0,0,0,0.0,0,0,0.0,0.0,20251211_YOUNG_BOYS_LILLE_EL,2025-12-11,EL,Young Boys,Lille
1.3,1.3,0.0,0,0,0,1.0,1.0,0,0.0,1.3,1.3,0.0,0,0,0,1.0,1.0,0,0.0,0,0,0,1.0,1.0,1.3,1.3,0,10,0,0,0.0,0.0,10,0,0,0.0,0.0,0,0,0,0,0,0.0,0,0,0,0,0,0.0,0,0,0.0,0.0,20251212_542548_FL1,2025-12-12,Ligue 1,Angers SCO,FC Nantes
1.3,1.3,0.0,0,0,0,1.0,1.0,0,0.0,1.3,1.3,0.0,0,0,0,1.0,1.0,0,0.0,0,0,0,1.0,1.0,1.3,1.3,0,10,0,0,0.0,0.0,10,0,0,0.0,0.0,0,0,0,0,0,0.0,0,0,0,0,0,0.0,0,0,0.0,0.0,20251212_540962_ELC,2025-12-12,Championship,West Bromwich Albion FC,Sheffield United FC
1.3,1.3,0.0,0,0,0,1.0,1.0,0,0.0,1.3,1.3,0.0,0,0,0,1.0,1.0,0,0.0,0,0,0,1.0,1.0,1.3,1.3,0,10,0,0,0.0,0.0,10,0,0,0.0,0.0,0,0,0,0,0,0.0,0,0,0,0,0,0.0,0,0,0.0,0.0,20251212_540529_BL1,2025-12-12,Bundesliga,1. FC Union Berlin,RB Leipzig
1.3,1.3,0.0,0,0,0,1.0,1.0,0,0.0,1.3,1.3,0.0,0,0,0,1.0,1.0,0,0.0,0,0,0,1.0,1.0,1.3,1.3,0,10,0,0,0.0,0.0,10,0,0,0.0,0.0,0,0,0,0,0,0.0,0,0,0,0,0,0.0,0,0,0.0,0.0,20251212_544369_PD,2025-12-12,Primera Division,Real Sociedad de Fútbol,Girona FC
1.3,1.3,0.0,0,0,0,1.0,1.0,0,0.0,1.3,1.3,0.0,0,0,0,1.0,1.0,0,0.0,0,0,0,1.0,1.0,1.3,1.3,0,10,0,0,0.0,0.0,10,0,0,0.0,0.0,0,0,0,0,0,0.0,0,0,0,0,0,0.0,0,0,0.0,0.0,20251212_536964_SA,2025-12-12,Serie A,US Lecce,AC Pisa 1909
1.3,1.3,0.0,0,0,0,1.0,1.0,0,0.0,1.3,1.3,0.0,0,0,0,1.0,1.0,0,0.0,0,0,0,1.0,1.0,1.3,1.3,0,10,0,0,0.0,0.0,10,0,0,0.0,0.0,0,0,0,0,0,0.0,0,0,0,0,0,0.0,0,0,0.0,0.0,20251213_540531_BL1,2025-12-13,Bundesliga,TSG 1899 Hoffenheim,Hamburger SV
1.3,1.3,0.0,0,0,0,1.0,1.0,0,0.0,1.3,1.3,0.0,0,0,0,1.0,1.0,0,0.0,0,0,0,1.0,1.0,1.3,1.3,0,10,0,0,0.0,0.0,10,0,0,0.0,0.0,0,0,0,0,0,0.0,0,0,0,0,0,0.0,0,0,0.0,0.0,20251213_537940_PL,2025-12-13,Premier League,Chelsea FC,Everton FC
1.3,1.3,0.0,0,0,0,1.0,1.0,0,0.0,1.3,1.3,0.0,0,0,0,1.0,1.0,0,0.0,0,0,0,1.0,1.0,1.3,1.3,0,10,0,0,0.0,0.0,10,0,0,0.0,0.0,0,0,0,0,0,0.0,0,0,0,0,0,0.0,0,0,0.0,0.0,20251213_537941_PL,2025-12-13,Premier League,Liverpool FC,Brighton & Hove Albion FC
1.3,1.3,0.0,0,0,0,1.0,1.0,0,0.0,1.3,1.3,0.0,0,0,0,1.0,1.0,0,0.0,0,0,0,1.0,1.0,1.3,1.3,0,10,0,0,0.0,0.0,10,0,0,0.0,0.0,0,0,0,0,0,0.0,0,0,0,0,0,0.0,0,0,0.0,0.0,20251213_537939_PL,2025-12-13,Premier League,Burnley FC,Fulham FC
1.3,1.3,0.0,0,0,0,1.0,1.0,0,0.0,1.3,1.3,0.0,0,0,0,1.0,1.0,0,0.0,0,0,0,1.0,1.0,1.3,1.3,0,10,0,0,0.0,0.0,10,0,0,0.0,0.0,0,0,0,0,0,0.0,0,0,0,0,0,0.0,0,0,0.0,0.0,20251213_537937_PL,2025-12-13,Premier League,Arsenal FC,Wolverhampton Wanderers FC
1.3,1.3,0.0,0,0,0,1.0,1.0,0,0.0,1.3,1.3,0.0,0,0,0,1.0,1.0,0,0.0,0,0,0,1.0,1.0,1.3,1.3,0,10,0,0,0.0,0.0,10,0,0,0.0,0.0,0,0,0,0,0,0.0,0,0,0,0,0,0.0,0,0,0.0,0.0,20251213_544362_PD,2025-12-13,Primera Division,Club Atlético de Madrid,Valencia CF
1.3,1.3,0.0,0,0,0,1.0,1.0,0,0.0,1.3,1.3,0.0,0,0,0,1.0,1.0,0,0.0,0,0,0,1.0,1.0,1.3,1.3,0,10,0,0,0.0,0.0,10,0,0,0.0,0.0,0,0,0,0,0,0.0,0,0,0,0,0,0.0,0,0,0.0,0.0,20251213_544367_PD,2025-12-13,Primera Division,RCD Mallorca,Elche CF
1.3,1.3,0.0,0,0,0,1.0,1.0,0,0.0,1.3,1.3,0.0,0,0,0,1.0,1.0,0,0.0,0,0,0,1.0,1.0,1.3,1.3,0,10,0,0,0.0,0.0,10,0,0,0.0,0.0,0,0,0,0,0,0.0,0,0,0,0,0,0.0,0,0,0.0,0.0,20251213_544363_PD,2025-12-13,Primera Division,FC Barcelona,CA Osasuna
1.3,1.3,0.0,0,0,0,1.0,1.0,0,0.0,1.3,1.3,0.0,0,0,0,1.0,1.0,0,0.0,0,0,0,1.0,1.0,1.3,1.3,0,10,0,0,0.0,0.0,10,0,0,0.0,0.0,0,0,0,0,0,0.0,0,0,0,0,0,0.0,0,0,0.0,0.0,20251213_544368_PD,2025-12-13,Primera Division,Getafe CF,RCD Espanyol de Barcelona
1.3,1.3,0.0,0,0,0,1.0,1.0,0,0.0,1.3,1.3,0.0,0,0,0,1.0,1.0,0,0.0,0,0,0,1.0,1.0,1.3,1.3,0,10,0,0,0.0,0.0,10,0,0,0.0,0.0,0,0,0,0,0,0.0,0,0,0,0,0,0.0,0,0,0.0,0.0,20251213_540525_BL1,2025-12-13,Bundesliga,Eintracht Frankfurt,FC Augsburg
1.3,1.3,0.0,0,0,0,1.0,1.0,0,0.0,1.3,1.3,0.0,0,0,0,1.0,1.0,0,0.0,0,0,0,1.0,1.0,1.3,1.3,0,10,0,0,0.0,0.0,10,0,0,0.0,0.0,0,0,0,0,0,0.0,0,0,0,0,0,0.0,0,0,0.0,0.0,20251213_540528_BL1,2025-12-13,Bundesliga,Borussia Mönchengladbach,VfL Wolfsburg
1.3,1.3,0.0,0,0,0,1.0,1.0,0,0.0,1.3,1.3,0.0,0,0,0,1.0,1.0,0,0.0,0,0,0,1.0,1.0,1.3,1.3,0,10,0,0,0.0,0.0,10,0,0,0.0,0.0,0,0,0,0,0,0.0,0,0,0,0,0,0.0,0,0,0.0,0.0,20251213_540530_BL1,2025-12-13,Bundesliga,FC St. Pauli 1910,1. FC Heidenheim 1846
1.3,1.3,0.0,0,0,0,1.0,1.0,0,0.0,1.3,1.3,0.0,0,0,0,1.0,1.0,0,0.0,0,0,0,1.0,1.0,1.3,1.3,0,10,0,0,0.0,0.0,10,0,0,0.0,0.0,0,0,0,0,0,0.0,0,0,0,0,0,0.0,0,0,0.0,0.0,20251213_540524_BL1,2025-12-13,Bundesliga,Bayer 04 Leverkusen,1. FC Köln
1.3,1.3,0.0,0,0,0,1.0,1.0,0,0.0,1.3,1.3,0.0,0,0,0,1.0,1.0,0,0.0,0,0,0,1.0,1.0,1.3,1.3,0,10,0,0,0.0,0.0,10,0,0,0.0,0.0,0,0,0,0,0,0.0,0,0,0,0,0,0.0,0,0,0.0,0.0,20251213_542549_FL1,2025-12-13,Ligue 1,Stade Rennais FC 1901,Stade Brestois 29
1.3,1.3,0.0,0,0,0,1.0,1.0,0,0.0,1.3,1.3,0.0,0,0,0,1.0,1.0,0,0.0,0,0,0,1.0,1.0,1.3,1.3,0,10,0,0,0.0,0.0,10,0,0,0.0,0.0,0,0,0,0,0,0.0,0,0,0,0,0,0.0,0,0,0.0,0.0,20251213_542542_FL1,2025-12-13,Ligue 1,FC Metz,Paris Saint-Germain FC
1.3,1.3,0.0,0,0,0,1.0,1.0,0,0.0,1.3,1.3,0.0,0,0,0,1.0,1.0,0,0.0,0,0,0,1.0,1.0,1.3,1.3,0,10,0,0,0.0,0.0,10,0,0,0.0,0.0,0,0,0,0,0,0.0,0,0,0,0,0,0.0,0,0,0.0,0.0,20251213_542543_FL1,2025-12-13,Ligue 1,Paris FC,Toulouse FC
1.3,1.3,0.0,0,0,0,1.0,1.0,0,0.0,1.3,1.3,0.0,0,0,0,1.0,1.0,0,0.0,0,0,0,1.0,1.0,1.3,1.3,0,10,0,0,0.0,0.0,10,0,0,0.0,0.0,0,0,0,0,0,0.0,0,0,0,0,0,0.0,0,0,0.0,0.0,20251213_537583_DED,2025-12-13,Eredivisie,Telstar 1963,NEC
1.3,1.3,0.0,0,0,0,1.0,1.0,0,0.0,1.3,1.3,0.0,0,0,0,1.0,1.0,0,0.0,0,0,0,1.0,1.0,1.3,1.3,0,10,0,0,0.0,0.0,10,0,0,0.0,0.0,0,0,0,0,0,0.0,0,0,0,0,0,0.0,0,0,0.0,0.0,20251213_537578_DED,2025-12-13,Eredivisie,FC Groningen,FC Volendam
1.3,1.3,0.0,0,0,0,1.0,1.0,0,0.0,1.3,1.3,0.0,0,0,0,1.0,1.0,0,0.0,0,0,0,1.0,1.0,1.3,1.3,0,10,0,0,0.0,0.0,10,0,0,0.0,0.0,0,0,0,0,0,0.0,0,0,0,0,0,0.0,0,0,0.0,0.0,20251213_537581_DED,2025-12-13,Eredivisie,PSV,Heracles Almelo
1.3,1.3,0.0,0,0,0,1.0,1.0,0,0.0,1.3,1.3,0.0,0,0,0,1.0,1.0,0,0.0,0,0,0,1.0,1.0,1.3,1.3,0,10,0,0,0.0,0.0,10,0,0,0.0,0.0,0,0,0,0,0,0.0,0,0,0,0,0,0.0,0,0,0.0,0.0,20251213_537580_DED,2025-12-13,Eredivisie,PEC Zwolle,Fortuna Sittard
1.3,1.3,0.0,0,0,0,1.0,1.0,0,0.0,1.3,1.3,0.0,0,0,0,1.0,1.0,0,0.0,0,0,0,1.0,1.0,1.3,1.3,0,10,0,0,0.0,0.0,10,0,0,0.0,0.0,0,0,0,0,0,0.0,0,0,0,0,0,0.0,0,0,0.0,0.0,20251213_545817_PPL,2025-12-13,Primeira Liga,Casa Pia AC,Gil Vicente FC
1.3,1.3,0.0,0,0,0,1.0,1.0,0,0.0,1.3,1.3,0.0,0,0,0,1.0,1.0,0,0.0,0,0,0,1.0,1.0,1.3,1.3,0,10,0,0,0.0,0.0,10,0,0,0.0,0.0,0,0,0,0,0,0.0,0,0,0,0,0,0.0,0,0,0.0,0.0,20251213_545818_PPL,2025-12-13,Primeira Liga,CD Nacional,CD Tondela
1.3,1.3,0.0,0,0,0,1.0,1.0,0,0.0,1.3,1.3,0.0,0,0,0,1.0,1.0,0,0.0,0,0,0,1.0,1.0,1.3,1.3,0,10,0,0,0.0,0.0,10,0,0,0.0,0.0,0,0,0,0,0,0.0,0,0,0,0,0,0.0,0,0,0.0,0.0,20251213_545825_PPL,2025-12-13,Primeira Liga,Rio Ave FC,Vitória SC
1.3,1.3,0.0,0,0,0,1.0,1.0,0,0.0,1.3,1.3,0.0,0,0,0,1.0,1.0,0,0.0,0,0,0,1.0,1.0,1.3,1.3,0,10,0,0,0.0,0.0,10,0,0,0.0,0.0,0,0,0,0,0,0.0,0,0,0,0,0,0.0,0,0,0.0,0.0,20251213_545820_PPL,2025-12-13,Primeira Liga,Sporting Clube de Portugal,AVS
1.3,1.3,0.0,0,0,0,1.0,1.0,0,0.0,1.3,1.3,0.0,0,0,0,1.0,1.0,0,0.0,0,0,0,1.0,1.0,1.3,1.3,0,10,0,0,0.0,0.0,10,0,0,0.0,0.0,0,0,0,0,0,0.0,0,0,0,0,0,0.0,0,0,0.0,0.0,20251213_540957_ELC,2025-12-13,Championship,Norwich City FC,Southampton FC
1.3,1.3,0.0,0,0,0,1.0,1.0,0,0.0,1.3,1.3,0.0,0,0,0,1.0,1.0,0,0.0,0,0,0,1.0,1.0,1.3,1.3,0,10,0,0,0.0,0.0,10,0,0,0.0,0.0,0,0,0,0,0,0.0,0,0,0,0,0,0.0,0,0,0.0,0.0,20251213_540958_ELC,2025-12-13,Championship,Oxford United FC,Preston North End FC
1.3,1.3,0.0,0,0,0,1.0,1.0,0,0.0,1.3,1.3,0.0,0,0,0,1.0,1.0,0,0.0,0,0,0,1.0,1.0,1.3,1.3,0,10,0,0,0.0,0.0,10,0,0,0.0,0.0,0,0,0,0,0,0.0,0,0,0,0,0,0.0,0,0,0.0,0.0,20251213_540961_ELC,2025-12-13,Championship,Stoke City FC,Swansea City AFC
1.3,1.3,0.0,0,0,0,1.0,1.0,0,0.0,1.3,1.3,0.0,0,0,0,1.0,1.0,0,0.0,0,0,0,1.0,1.0,1.3,1.3,0,10,0,0,0.0,0.0,10,0,0,0.0,0.0,0,0,0,0,0,0.0,0,0,0,0,0,0.0,0,0,0.0,0.0,20251213_540952_ELC,2025-12-13,Championship,Birmingham City FC,Charlton Athletic FC
1.3,1.3,0.0,0,0,0,1.0,1.0,0,0.0,1.3,1.3,0.0,0,0,0,1.0,1.0,0,0.0,0,0,0,1.0,1.0,1.3,1.3,0,10,0,0,0.0,0.0,10,0,0,0.0,0.0,0,0,0,0,0,0.0,0,0,0,0,0,0.0,0,0,0.0,0.0,20251213_540953_ELC,2025-12-13,Championship,Coventry City FC,Bristol City FC
1.3,1.3,0.0,0,0,0,1.0,1.0,0,0.0,1.3,1.3,0.0,0,0,0,1.0,1.0,0,0.0,0,0,0,1.0,1.0,1.3,1.3,0,10,0,0,0.0,0.0,10,0,0,0.0,0.0,0,0,0,0,0,0.0,0,0,0,0,0,0.0,0,0,0.0,0.0,20251213_540954_ELC,2025-12-13,Championship,Leicester City FC,Ipswich Town FC
1.3,1.3,0.0,0,0,0,1.0,1.0,0,0.0,1.3,1.3,0.0,0,0,0,1.0,1.0,0,0.0,0,0,0,1.0,1.0,1.3,1.3,0,10,0,0,0.0,0.0,10,0,0,0.0,0.0,0,0,0,0,0,0.0,0,0,0,0,0,0.0,0,0,0.0,0.0,20251213_540955_ELC,2025-12-13,Championship,Middlesbrough FC,Queens Park Rangers FC
1.3,1.3,0.0,0,0,0,1.0,1.0,0,0.0,1.3,1.3,0.0,0,0,0,1.0,1.0,0,0.0,0,0,0,1.0,1.0,1.3,1.3,0,10,0,0,0.0,0.0,10,0,0,0.0,0.0,0,0,0,0,0,0.0,0,0,0,0,0,0.0,0,0,0.0,0.0,20251213_540956_ELC,2025-12-13,Championship,Millwall FC,Hull City AFC
1.3,1.3,0.0,0,0,0,1.0,1.0,0,0.0,1.3,1.3,0.0,0,0,0,1.0,1.0,0,0.0,0,0,0,1.0,1.0,1.3,1.3,0,10,0,0,0.0,0.0,10,0,0,0.0,0.0,0,0,0,0,0,0.0,0,0,0,0,0,0.0,0,0,0.0,0.0,20251213_540959_ELC,2025-12-13,Championship,Portsmouth FC,Blackburn Rovers FC
1.3,1.3,0.0,0,0,0,1.0,1.0,0,0.0,1.3,1.3,0.0,0,0,0,1.0,1.0,0,0.0,0,0,0,1.0,1.0,1.3,1.3,0,10,0,0,0.0,0.0,10,0,0,0.0,0.0,0,0,0,0,0,0.0,0,0,0,0,0,0.0,0,0,0.0,0.0,20251213_540963_ELC,2025-12-13,Championship,Wrexham AFC,Watford FC
1.3,1.3,0.0,0,0,0,1.0,1.0,0,0.0,1.3,1.3,0.0,0,0,0,1.0,1.0,0,0.0,0,0,0,1.0,1.0,1.3,1.3,0,10,0,0,0.0,0.0,10,0,0,0.0,0.0,0,0,0,0,0,0.0,0,0,0,0,0,0.0,0,0,0.0,0.0,20251213_536961_SA,2025-12-13,Serie A,Torino FC,US Cremonese
1.3,1.3,0.0,0,0,0,1.0,1.0,0,0.0,1.3,1.3,0.0,0,0,0,1.0,1.0,0,0.0,0,0,0,1.0,1.0,1.3,1.3,0,10,0,0,0.0,0.0,10,0,0,0.0,0.0,0,0,0,0,0,0.0,0,0,0,0,0,0.0,0,0,0.0,0.0,20251213_536962_SA,2025-12-13,Serie A,Parma Calcio 1913,SS Lazio
1.3,1.3,0.0,0,0,0,1.0,1.0,0,0.0,1.3,1.3,0.0,0,0,0,1.0,1.0,0,0.0,0,0,0,1.0,1.0,1.3,1.3,0,10,0,0,0.0,0.0,10,0,0,0.0,0.0,0,0,0,0,0,0.0,0,0,0,0,0,0.0,0,0,0.0,0.0,20251213_536958_SA,2025-12-13,Serie A,Atalanta BC,Cagliari Calcio
1.3,1.3,0.0,0,0,0,1.0,1.0,0,0.0,1.3,1.3,0.0,0,0,0,1.0,1.0,0,0.0,0,0,0,1.0,1.0,1.3,1.3,0,10,0,0,0.0,0.0,10,0,0,0.0,0.0,0,0,0,0,0,0.0,0,0,0,0,0,0.0,0,0,0.0,0.0,20251214_536960_SA,2025-12-14,Serie A,Bologna FC 1909,Juventus FC
1.3,1.3,0.0,0,0,0,1.0,1.0,0,0.0,1.3,1.3,0.0,0,0,0,1.0,1.0,0,0.0,0,0,0,1.0,1.0,1.3,1.3,0,10,0,0,0.0,0.0,10,0,0,0.0,0.0,0,0,0,0,0,0.0,0,0,0,0,0,0.0,0,0,0.0,0.0,20251214_542541_FL1,2025-12-14,Ligue 1,AJ Auxerre,Lille OSC
1.3,1.3,0.0,0,0,0,1.0,1.0,0,0.0,1.3,1.3,0.0,0,0,0,1.0,1.0,0,0.0,0,0,0,1.0,1.0,1.3,1.3,0,10,0,0,0.0,0.0,10,0,0,0.0,0.0,0,0,0,0,0,0.0,0,0,0,0,0,0.0,0,0,0.0,0.0,20251214_542544_FL1,2025-12-14,Ligue 1,Olympique Lyonnais,Le Havre AC
1.3,1.3,0.0,0,0,0,1.0,1.0,0,0.0,1.3,1.3,0.0,0,0,0,1.0,1.0,0,0.0,0,0,0,1.0,1.0,1.3,1.3,0,10,0,0,0.0,0.0,10,0,0,0.0,0.0,0,0,0,0,0,0.0,0,0,0,0,0,0.0,0,0,0.0,0.0,20251214_540527_BL1,2025-12-14,Bundesliga,SV Werder Bremen,VfB Stuttgart
1.3,1.3,0.0,0,0,0,1.0,1.0,0,0.0,1.3,1.3,0.0,0,0,0,1.0,1.0,0,0.0,0,0,0,1.0,1.0,1.3,1.3,0,10,0,0,0.0,0.0,10,0,0,0.0,0.0,0,0,0,0,0,0.0,0,0,0,0,0,0.0,0,0,0.0,0.0,20251214_540523_BL1,2025-12-14,Bundesliga,FC Bayern München,1. FSV Mainz 05
1.3,1.3,0.0,0,0,0,1.0,1.0,0,0.0,1.3,1.3,0.0,0,0,0,1.0,1.0,0,0.0,0,0,0,1.0,1.0,1.3,1.3,0,10,0,0,0.0,0.0,10,0,0,0.0,0.0,0,0,0,0,0,0.0,0,0,0,0,0,0.0,0,0,0.0,0.0,20251214_540526_BL1,2025-12-14,Bundesliga,SC Freiburg,Borussia Dortmund
1.3,1.3,0.0,0,0,0,1.0,1.0,0,0.0,1.3,1.3,0.0,0,0,0,1.0,1.0,0,0.0,0,0,0,1.0,1.0,1.3,1.3,0,10,0,0,0.0,0.0,10,0,0,0.0,0.0,0,0,0,0,0,0.0,0,0,0,0,0,0.0,0,0,0.0,0.0,20251214_545824_PPL,2025-12-14,Primeira Liga,Moreirense FC,Sport Lisboa e Benfica
1.3,1.3,0.0,0,0,0,1.0,1.0,0,0.0,1.3,1.3,0.0,0,0,0,1.0,1.0,0,0.0,0,0,0,1.0,1.0,1.3,1.3,0,10,0,0,0.0,0.0,10,0,0,0.0,0.0,0,0,0,0,0,0.0,0,0,0,0,0,0.0,0,0,0.0,0.0,20251214_537584_DED,2025-12-14,Eredivisie,FC Twente '65,Go Ahead Eagles
1.3,1.3,0.0,0,0,0,1.0,1.0,0,0.0,1.3,1.3,0.0,0,0,0,1.0,1.0,0,0.0,0,0,0,1.0,1.0,1.3,1.3,0,10,0,0,0.0,0.0,10,0,0,0.0,0.0,0,0,0,0,0,0.0,0,0,0,0,0,0.0,0,0,0.0,0.0,20251214_545823_PPL,2025-12-14,Primeira Liga,FC Arouca,FC Alverca
1.3,1.3,0.0,0,0,0,1.0,1.0,0,0.0,1.3,1.3,0.0,0,0,0,1.0,1.0,0,0.0,0,0,0,1.0,1.0,1.3,1.3,0,10,0,0,0.0,0.0,10,0,0,0.0,0.0,0,0,0,0,0,0.0,0,0,0,0,0,0.0,0,0,0.0,0.0,20251214_537576_DED,2025-12-14,Eredivisie,AFC Ajax,Feyenoord Rotterdam
1.3,1.3,0.0,0,0,0,1.0,1.0,0,0.0,1.3,1.3,0.0,0,0,0,1.0,1.0,0,0.0,0,0,0,1.0,1.0,1.3,1.3,0,10,0,0,0.0,0.0,10,0,0,0.0,0.0,0,0,0,0,0,0.0,0,0,0,0,0,0.0,0,0,0.0,0.0,20251214_537582_DED,2025-12-14,Eredivisie,Sparta Rotterdam,SC Heerenveen
1.3,1.3,0.0,0,0,0,1.0,1.0,0,0.0,1.3,1.3,0.0,0,0,0,1.0,1.0,0,0.0,0,0,0,1.0,1.0,1.3,1.3,0,10,0,0,0.0,0.0,10,0,0,0.0,0.0,0,0,0,0,0,0.0,0,0,0,0,0,0.0,0,0,0.0,0.0,20251214_536955_SA,2025-12-14,Serie A,ACF Fiorentina,Hellas Verona FC
1.3,1.3,0.0,0,0,0,1.0,1.0,0,0.0,1.3,1.3,0.0,0,0,0,1.0,1.0,0,0.0,0,0,0,1.0,1.0,1.3,1.3,0,10,0,0,0.0,0.0,10,0,0,0.0,0.0,0,0,0,0,0,0.0,0,0,0,0,0,0.0,0,0,0.0,0.0,20251214_536963_SA,2025-12-14,Serie A,Udinese Calcio,SSC Napoli
1.3,1.3,0.0,0,0,0,1.0,1.0,0,0.0,1.3,1.3,0.0,0,0,0,1.0,1.0,0,0.0,0,0,0,1.0,1.0,1.3,1.3,0,10,0,0,0.0,0.0,10,0,0,0.0,0.0,0,0,0,0,0,0.0,0,0,0,0,0,0.0,0,0,0.0,0.0,20251214_542545_FL1,2025-12-14,Ligue 1,Olympique de Marseille,AS Monaco FC
1.3,1.3,0.0,0,0,0,1.0,1.0,0,0.0,1.3,1.3,0.0,0,0,0,1.0,1.0,0,0.0,0,0,0,1.0,1.0,1.3,1.3,0,10,0,0,0.0,0.0,10,0,0,0.0,0.0,0,0,0,0,0,0.0,0,0,0,0,0,0.0,0,0,0.0,0.0,20251214_542547_FL1,2025-12-14,Ligue 1,Racing Club de Lens,OGC Nice
1.3,1.3,0.0,0,0,0,1.0,1.0,0,0.0,1.3,1.3,0.0,0,0,0,1.0,1.0,0,0.0,0,0,0,1.0,1.0,1.3,1.3,0,10,0,0,0.0,0.0,10,0,0,0.0,0.0,0,0,0,0,0,0.0,0,0,0,0,0,0.0,0,0,0.0,0.0,20251214_542546_FL1,2025-12-14,Ligue 1,RC Strasbourg Alsace,FC Lorient
1.3,1.3,0.0,0,0,0,1.0,1.0,0,0.0,1.3,1.3,0.0,0,0,0,1.0,1.0,0,0.0,0,0,0,1.0,1.0,1.3,1.3,0,10,0,0,0.0,0.0,10,0,0,0.0,0.0,0,0,0,0,0,0.0,0,0,0,0,0,0.0,0,0,0.0,0.0,20251214_536959_SA,2025-12-14,Serie A,Genoa CFC,FC Internazionale Milano
1.3,1.3,0.0,0,0,0,1.0,1.0,0,0.0,1.3,1.3,0.0,0,0,0,1.0,1.0,0,0.0,0,0,0,1.0,1.0,1.3,1.3,0,10,0,0,0.0,0.0,10,0,0,0.0,0.0,0,0,0,0,0,0.0,0,0,0,0,0,0.0,0,0,0.0,0.0,20251214_544361_PD,2025-12-14,Primera Division,Deportivo Alavés,Real Madrid CF
1.3,1.3,0.0,0,0,0,1.0,1.0,0,0.0,1.3,1.3,0.0,0,0,0,1.0,1.0,0,0.0,0,0,0,1.0,1.0,1.3,1.3,0,10,0,0,0.0,0.0,10,0,0,0.0,0.0,0,0,0,0,0,0.0,0,0,0,0,0,0.0,0,0,0.0,0.0,20251214_544364_PD,2025-12-14,Primera Division,Levante UD,Villarreal CF
1.3,1.3,0.0,0,0,0,1.0,1.0,0,0.0,1.3,1.3,0.0,0,0,0,1.0,1.0,0,0.0,0,0,0,1.0,1.0,1.3,1.3,0,10,0,0,0.0,0.0,10,0,0,0.0,0.0,0,0,0,0,0,0.0,0,0,0,0,0,0.0,0,0,0.0,0.0,20251214_544365_PD,2025-12-14,Primera Division,RC Celta de Vigo,Athletic Club
1.3,1.3,0.0,0,0,0,1.0,1.0,0,0.0,1.3,1.3,0.0,0,0,0,1.0,1.0,0,0.0,0,0,0,1.0,1.0,1.3,1.3,0,10,0,0,0.0,0.0,10,0,0,0.0,0.0,0,0,0,0,0,0.0,0,0,0,0,0,0.0,0,0,0.0,0.0,20251214_544370_PD,2025-12-14,Primera Division,Sevilla FC,Real Oviedo
1.3,1.3,0.0,0,0,0,1.0,1.0,0,0.0,1.3,1.3,0.0,0,0,0,1.0,1.0,0,0.0,0,0,0,1.0,1.0,1.3,1.3,0,10,0,0,0.0,0.0,10,0,0,0.0,0.0,0,0,0,0,0,0.0,0,0,0,0,0,0.0,0,0,0.0,0.0,20251214_537938_PL,2025-12-14,Premier League,Brentford FC,Leeds United FC
1.3,1.3,0.0,0,0,0,1.0,1.0,0,0.0,1.3,1.3,0.0,0,0,0,1.0,1.0,0,0.0,0,0,0,1.0,1.0,1.3,1.3,0,10,0,0,0.0,0.0,10,0,0,0.0,0.0,0,0,0,0,0,0.0,0,0,0,0,0,0.0,0,0,0.0,0.0,20251214_537944_PL,2025-12-14,Premier League,West Ham United FC,Aston Villa FC
1.3,1.3,0.0,0,0,0,1.0,1.0,0,0.0,1.3,1.3,0.0,0,0,0,1.0,1.0,0,0.0,0,0,0,1.0,1.0,1.3,1.3,0,10,0,0,0.0,0.0,10,0,0,0.0,0.0,0,0,0,0,0,0.0,0,0,0,0,0,0.0,0,0,0.0,0.0,20251214_537943_PL,2025-12-14,Premier League,Nottingham Forest FC,Tottenham Hotspur FC
1.3,1.3,0.0,0,0,0,1.0,1.0,0,0.0,1.3,1.3,0.0,0,0,0,1.0,1.0,0,0.0,0,0,0,1.0,1.0,1.3,1.3,0,10,0,0,0.0,0.0,10,0,0,0.0,0.0,0,0,0,0,0,0.0,0,0,0,0,0,0.0,0,0,0.0,0.0,20251214_537936_PL,2025-12-14,Premier League,Crystal Palace FC,Manchester City FC
1.3,1.3,0.0,0,0,0,1.0,1.0,0,0.0,1.3,1.3,0.0,0,0,0,1.0,1.0,0,0.0,0,0,0,1.0,1.0,1.3,1.3,0,10,0,0,0.0,0.0,10,0,0,0.0,0.0,0,0,0,0,0,0.0,0,0,0,0,0,0.0,0,0,0.0,0.0,20251214_537935_PL,2025-12-14,Premier League,Sunderland AFC,Newcastle United FC
1.3,1.3,0.0,0,0,0,1.0,1.0,0,0.0,1.3,1.3,0.0,0,0,0,1.0,1.0,0,0.0,0,0,0,1.0,1.0,1.3,1.3,0,10,0,0,0.0,0.0,10,0,0,0.0,0.0,0,0,0,0,0,0.0,0,0,0,0,0,0.0,0,0,0.0,0.0,20251214_545821_PPL,2025-12-14,Primeira Liga,FC Famalicão,GD Estoril Praia
1.3,1.3,0.0,0,0,0,1.0,1.0,0,0.0,1.3,1.3,0.0,0,0,0,1.0,1.0,0,0.0,0,0,0,1.0,1.0,1.3,1.3,0,10,0,0,0.0,0.0,10,0,0,0.0,0.0,0,0,0,0,0,0.0,0,0,0,0,0,0.0,0,0,0.0,0.0,20251214_536956_SA,2025-12-14,Serie A,AC Milan,US Sassuolo Calcio
1.3,1.3,0.0,0,0,0,1.0,1.0,0,0.0,1.3,1.3,0.0,0,0,0,1.0,1.0,0,0.0,0,0,0,1.0,1.0,1.3,1.3,0,10,0,0,0.0,0.0,10,0,0,0.0,0.0,0,0,0,0,0,0.0,0,0,0,0,0,0.0,0,0,0.0,0.0,20251214_537579_DED,2025-12-14,Eredivisie,NAC Breda,FC Utrecht
1.3,1.3,0.0,0,0,0,1.0,1.0,0,0.0,1.3,1.3,0.0,0,0,0,1.0,1.0,0,0.0,0,0,0,1.0,1.0,1.3,1.3,0,10,0,0,0.0,0.0,10,0,0,0.0,0.0,0,0,0,0,0,0.0,0,0,0,0,0,0.0,0,0,0.0,0.0,20251214_537577_DED,2025-12-14,Eredivisie,AZ,SBV Excelsior
1.3,1.3,0.0,0,0,0,1.0,1.0,0,0.0,1.3,1.3,0.0,0,0,0,1.0,1.0,0,0.0,0,0,0,1.0,1.0,1.3,1.3,0,10,0,0,0.0,0.0,10,0,0,0.0,0.0,0,0,0,0,0,0.0,0,0,0,0,0,0.0,0,0,0.0,0.0,20251215_537942_PL,2025-12-15,Premier League,Manchester United FC,AFC Bournemouth
1.3,1.3,0.0,0,0,0,1.0,1.0,0,0.0,1.3,1.3,0.0,0,0,0,1.0,1.0,0,0.0,0,0,0,1.0,1.0,1.3,1.3,0,10,0,0,0.0,0.0,10,0,0,0.0,0.0,0,0,0,0,0,0.0,0,0,0,0,0,0.0,0,0,0.0,0.0,20251215_536957_SA,2025-12-15,Serie A,AS Roma,Como 1907
1.3,1.3,0.0,0,0,0,1.0,1.0,0,0.0,1.3,1.3,0.0,0,0,0,1.0,1.0,0,0.0,0,0,0,1.0,1.0,1.3,1.3,0,10,0,0,0.0,0.0,10,0,0,0.0,0.0,0,0,0,0,0,0.0,0,0,0,0,0,0.0,0,0,0.0,0.0,20251215_545822_PPL,2025-12-15,Primeira Liga,FC Porto,CF Estrela da Amadora
1.3,1.3,0.0,0,0,0,1.0,1.0,0,0.0,1.3,1.3,0.0,0,0,0,1.0,1.0,0,0.0,0,0,0,1.0,1.0,1.3,1.3,0,10,0,0,0.0,0.0,10,0,0,0.0,0.0,0,0,0,0,0,0.0,0,0,0,0,0,0.0,0,0,0.0,0.0,20251215_544366_PD,2025-12-15,Primera Division,Rayo Vallecano de Madrid,Real Betis Balompié
1.3,1.3,0.0,0,0,0,1.0,1.0,0,0.0,1.3,1.3,0.0,0,0,0,1.0,1.0,0,0.0,0,0,0,1.0,1.0,1.3,1.3,0,10,0,0,0.0,0.0,10,0,0,0.0,0.0,0,0,0,0,0,0.0,0,0,0,0,0,0.0,0,0,0.0,0.0,20251215_540960_ELC,2025-12-15,Championship,Sheffield Wednesday FC,Derby County FC
1.3,1.3,0.0,0,0,0,1.0,1.0,0,0.0,1.3,1.3,0.0,0,0,0,1.0,1.0,0,0.0,0,0,0,1.0,1.0,1.3,1.3,0,10,0,0,0.0,0.0,10,0,0,0.0,0.0,0,0,0,0,0,0.0,0,0,0,0,0,0.0,0,0,0.0,0.0,20251215_545819_PPL,2025-12-15,Primeira Liga,Sporting Clube de Braga,CD Santa Clara
1.3,1.3,0.0,0,0,0,1.0,1.0,0,0.0,1.3,1.3,0.0,0,0,0,1.0,1.0,0,0.0,0,0,0,1.0,1.0,1.3,1.3,0,10,0,0,0.0,0.0,10,0,0,0.0,0.0,0,0,0,0,0,0.0,0,0,0,0,0,0.0,0,0,0.0,0.0,20251219_545834_PPL,2025-12-19,Primeira Liga,GD Estoril Praia,Sporting Clube de Braga
1.3,1.3,0.0,0,0,0,1.0,1.0,0,0.0,1.3,1.3,0.0,0,0,0,1.0,1.0,0,0.0,0,0,0,1.0,1.0,1.3,1.3,0,10,0,0,0.0,0.0,10,0,0,0.0,0.0,0,0,0,0,0,0.0,0,0,0,0,0,0.0,0,0,0.0,0.0,20251219_540974_ELC,2025-12-19,Championship,Swansea City AFC,Wrexham AFC
1.3,1.3,0.0,0,0,0,1.0,1.0,0,0.0,1.3,1.3,0.0,0,0,0,1.0,1.0,0,0.0,0,0,0,1.0,1.0,1.3,1.3,0,10,0,0,0.0,0.0,10,0,0,0.0,0.0,0,0,0,0,0,0.0,0,0,0,0,0,0.0,0,0,0.0,0.0,20251219_544380_PD,2025-12-19,Primera Division,Valencia CF,RCD Mallorca
1.3,1.3,0.0,0,0,0,1.0,1.0,0,0.0,1.3,1.3,0.0,0,0,0,1.0,1.0,0,0.0,0,0,0,1.0,1.0,1.3,1.3,0,10,0,0,0.0,0.0,10,0,0,0.0,0.0,0,0,0,0,0,0.0,0,0,0,0,0,0.0,0,0,0.0,0.0,20251219_540532_BL1,2025-12-19,Bundesliga,Borussia Dortmund,Borussia Mönchengladbach
1.3,1.3,0.0,0,0,0,1.0,1.0,0,0.0,1.3,1.3,0.0,0,0,0,1.0,1.0,0,0.0,0,0,0,1.0,1.0,1.3,1.3,0,10,0,0,0.0,0.0,10,0,0,0.0,0.0,0,0,0,0,0,0.0,0,0,0,0,0,0.0,0,0,0.0,0.0,20251220_540537_BL1,2025-12-20,Bundesliga,FC Augsburg,SV Werder Bremen
1.3,1.3,0.0,0,0,0,1.0,1.0,0,0.0,1.3,1.3,0.0,0,0,0,1.0,1.0,0,0.0,0,0,0,1.0,1.0,1.3,1.3,0,10,0,0,0.0,0.0,10,0,0,0.0,0.0,0,0,0,0,0,0.0,0,0,0,0,0,0.0,0,0,0.0,0.0,20251220_540971_ELC,2025-12-20,Championship,Queens Park Rangers FC,Leicester City FC
1.3,1.3,0.0,0,0,0,1.0,1.0,0,0.0,1.3,1.3,0.0,0,0,0,1.0,1.0,0,0.0,0,0,0,1.0,1.0,1.3,1.3,0,10,0,0,0.0,0.0,10,0,0,0.0,0.0,0,0,0,0,0,0.0,0,0,0,0,0,0.0,0,0,0.0,0.0,20251220_540967_ELC,2025-12-20,Championship,Derby County FC,Portsmouth FC
1.3,1.3,0.0,0,0,0,1.0,1.0,0,0.0,1.3,1.3,0.0,0,0,0,1.0,1.0,0,0.0,0,0,0,1.0,1.0,1.3,1.3,0,10,0,0,0.0,0.0,10,0,0,0.0,0.0,0,0,0,0,0,0.0,0,0,0,0,0,0.0,0,0,0.0,0.0,20251220_540966_ELC,2025-12-20,Championship,Charlton Athletic FC,Oxford United FC
1.3,1.3,0.0,0,0,0,1.0,1.0,0,0.0,1.3,1.3,0.0,0,0,0,1.0,1.0,0,0.0,0,0,0,1.0,1.0,1.3,1.3,0,10,0,0,0.0,0.0,10,0,0,0.0,0.0,0,0,0,0,0,0.0,0,0,0,0,0,0.0,0,0,0.0,0.0,20251220_540965_ELC,2025-12-20,Championship,Bristol City FC,Middlesbrough FC
1.3,1.3,0.0,0,0,0,1.0,1.0,0,0.0,1.3,1.3,0.0,0,0,0,1.0,1.0,0,0.0,0,0,0,1.0,1.0,1.3,1.3,0,10,0,0,0.0,0.0,10,0,0,0.0,0.0,0,0,0,0,0,0.0,0,0,0,0,0,0.0,0,0,0.0,0.0,20251220_540973_ELC,2025-12-20,Championship,Southampton FC,Coventry City FC
1.3,1.3,0.0,0,0,0,1.0,1.0,0,0.0,1.3,1.3,0.0,0,0,0,1.0,1.0,0,0.0,0,0,0,1.0,1.0,1.3,1.3,0,10,0,0,0.0,0.0,10,0,0,0.0,0.0,0,0,0,0,0,0.0,0,0,0,0,0,0.0,0,0,0.0,0.0,20251220_540970_ELC,2025-12-20,Championship,Preston North End FC,Norwich City FC
1.3,1.3,0.0,0,0,0,1.0,1.0,0,0.0,1.3,1.3,0.0,0,0,0,1.0,1.0,0,0.0,0,0,0,1.0,1.0,1.3,1.3,0,10,0,0,0.0,0.0,10,0,0,0.0,0.0,0,0,0,0,0,0.0,0,0,0,0,0,0.0,0,0,0.0,0.0,20251220_540964_ELC,2025-12-20,Championship,Blackburn Rovers FC,Millwall FC
1.3,1.3,0.0,0,0,0,1.0,1.0,0,0.0,1.3,1.3,0.0,0,0,0,1.0,1.0,0,0.0,0,0,0,1.0,1.0,1.3,1.3,0,10,0,0,0.0,0.0,10,0,0,0.0,0.0,0,0,0,0,0,0.0,0,0,0,0,0,0.0,0,0,0.0,0.0,20251220_540968_ELC,2025-12-20,Championship,Hull City AFC,West Bromwich Albion FC
1.3,1.3,0.0,0,0,0,1.0,1.0,0,0.0,1.3,1.3,0.0,0,0,0,1.0,1.0,0,0.0,0,0,0,1.0,1.0,1.3,1.3,0,10,0,0,0.0,0.0,10,0,0,0.0,0.0,0,0,0,0,0,0.0,0,0,0,0,0,0.0,0,0,0.0,0.0,20251220_536972_SA,2025-12-20,Serie A,SS Lazio,US Cremonese
1.3,1.3,0.0,0,0,0,1.0,1.0,0,0.0,1.3,1.3,0.0,0,0,0,1.0,1.0,0,0.0,0,0,0,1.0,1.0,1.3,1.3,0,10,0,0,0.0,0.0,10,0,0,0.0,0.0,0,0,0,0,0,0.0,0,0,0,0,0,0.0,0,0,0.0,0.0,20251220_536971_SA,2025-12-20,Serie A,Juventus FC,AS Roma
1.3,1.3,0.0,0,0,0,1.0,1.0,0,0.0,1.3,1.3,0.0,0,0,0,1.0,1.0,0,0.0,0,0,0,1.0,1.0,1.3,1.3,0,10,0,0,0.0,0.0,10,0,0,0.0,0.0,0,0,0,0,0,0.0,0,0,0,0,0,0.0,0,0,0.0,0.0,20251220_537592_DED,2025-12-20,Eredivisie,NAC Breda,Telstar 1963
1.3,1.3,0.0,0,0,0,1.0,1.0,0,0.0,1.3,1.3,0.0,0,0,0,1.0,1.0,0,0.0,0,0,0,1.0,1.0,1.3,1.3,0,10,0,0,0.0,0.0,10,0,0,0.0,0.0,0,0,0,0,0,0.0,0,0,0,0,0,0.0,0,0,0.0,0.0,20251220_537952_PL,2025-12-20,Premier League,Newcastle United FC,Chelsea FC
1.3,1.3,0.0,0,0,0,1.0,1.0,0,0.0,1.3,1.3,0.0,0,0,0,1.0,1.0,0,0.0,0,0,0,1.0,1.0,1.3,1.3,0,10,0,0,0.0,0.0,10,0,0,0.0,0.0,0,0,0,0,0,0.0,0,0,0,0,0,0.0,0,0,0.0,0.0,20251220_537945_PL,2025-12-20,Premier League,AFC Bournemouth,Burnley FC
1.3,1.3,0.0,0,0,0,1.0,1.0,0,0.0,1.3,1.3,0.0,0,0,0,1.0,1.0,0,0.0,0,0,0,1.0,1.0,1.3,1.3,0,10,0,0,0.0,0.0,10,0,0,0.0,0.0,0,0,0,0,0,0.0,0,0,0,0,0,0.0,0,0,0.0,0.0,20251220_537947_PL,2025-12-20,Premier League,Brighton & Hove Albion FC,Sunderland AFC
1.3,1.3,0.0,0,0,0,1.0,1.0,0,0.0,1.3,1.3,0.0,0,0,0,1.0,1.0,0,0.0,0,0,0,1.0,1.0,1.3,1.3,0,10,0,0,0.0,0.0,10,0,0,0.0,0.0,0,0,0,0,0,0.0,0,0,0,0,0,0.0,0,0,0.0,0.0,20251220_537951_PL,2025-12-20,Premier League,Manchester City FC,West Ham United FC
1.3,1.3,0.0,0,0,0,1.0,1.0,0,0.0,1.3,1.3,0.0,0,0,0,1.0,1.0,0,0.0,0,0,0,1.0,1.0,1.3,1.3,0,10,0,0,0.0,0.0,10,0,0,0.0,0.0,0,0,0,0,0,0.0,0,0,0,0,0,0.0,0,0,0.0,0.0,20251220_537954_PL,2025-12-20,Premier League,Wolverhampton Wanderers FC,Brentford FC
1.3,1.3,0.0,0,0,0,1.0,1.0,0,0.0,1.3,1.3,0.0,0,0,0,1.0,1.0,0,0.0,0,0,0,1.0,1.0,1.3,1.3,0,10,0,0,0.0,0.0,10,0,0,0.0,0.0,0,0,0,0,0,0.0,0,0,0,0,0,0.0,0,0,0.0,0.0,20251220_537953_PL,2025-12-20,Premier League,Tottenham Hotspur FC,Liverpool FC
1.3,1.3,0.0,0,0,0,1.0,1.0,0,0.0,1.3,1.3,0.0,0,0,0,1.0,1.0,0,0.0,0,0,0,1.0,1.0,1.3,1.3,0,10,0,0,0.0,0.0,10,0,0,0.0,0.0,0,0,0,0,0,0.0,0,0,0,0,0,0.0,0,0,0.0,0.0,20251220_537948_PL,2025-12-20,Premier League,Everton FC,Arsenal FC
1.3,1.3,0.0,0,0,0,1.0,1.0,0,0.0,1.3,1.3,0.0,0,0,0,1.0,1.0,0,0.0,0,0,0,1.0,1.0,1.3,1.3,0,10,0,0,0.0,0.0,10,0,0,0.0,0.0,0,0,0,0,0,0.0,0,0,0,0,0,0.0,0,0,0.0,0.0,20251220_537950_PL,2025-12-20,Premier League,Leeds United FC,Crystal Palace FC
1.3,1.3,0.0,0,0,0,1.0,1.0,0,0.0,1.3,1.3,0.0,0,0,0,1.0,1.0,0,0.0,0,0,0,1.0,1.0,1.3,1.3,0,10,0,0,0.0,0.0,10,0,0,0.0,0.0,0,0,0,0,0,0.0,0,0,0,0,0,0.0,0,0,0.0,0.0,20251220_537593_DED,2025-12-20,Eredivisie,NEC,AFC Ajax
1.3,1.3,0.0,0,0,0,1.0,1.0,0,0.0,1.3,1.3,0.0,0,0,0,1.0,1.0,0,0.0,0,0,0,1.0,1.0,1.3,1.3,0,10,0,0,0.0,0.0,10,0,0,0.0,0.0,0,0,0,0,0,0.0,0,0,0,0,0,0.0,0,0,0.0,0.0,20251220_540975_ELC,2025-12-20,Championship,Watford FC,Stoke City FC
1.3,1.3,0.0,0,0,0,1.0,1.0,0,0.0,1.3,1.3,0.0,0,0,0,1.0,1.0,0,0.0,0,0,0,1.0,1.0,1.3,1.3,0,10,0,0,0.0,0.0,10,0,0,0.0,0.0,0,0,0,0,0,0.0,0,0,0,0,0,0.0,0,0,0.0,0.0,20251220_544379_PD,2025-12-20,Primera Division,Real Oviedo,RC Celta de Vigo
1.34,1.4,-0.06,0,0,0,1.34,1.4,0,0.0,1.3,1.3,0.0,0,0,0,1.0,1.0,0,0.0,0,0,0,1.0,1.0,1.3,1.3,0,10,0,0,0.0,0.0,10,0,0,0.0,0.0,0,0,0,0,0,0.0,0,0,0,0,0,0.0,0,0,-0.06,0.0,20251220_544374_PD,2025-12-20,Primera Division,Levante UD,Real Sociedad de Fútbol
1.3,1.3,0.0,0,0,0,1.0,1.0,0,0.0,1.3,1.3,0.0,0,0,0,1.0,1.0,0,0.0,0,0,0,1.0,1.0,1.3,1.3,0,10,0,0,0.0,0.0,10,0,0,0.0,0.0,0,0,0,0,0,0.0,0,0,0,0,0,0.0,0,0,0.0,0.0,20251220_544376_PD,2025-12-20,Primera Division,CA Osasuna,Deportivo Alavés
1.3,1.3,0.0,0,0,0,1.0,1.0,0,0.0,1.3,1.3,0.0,0,0,0,1.0,1.0,0,0.0,0,0,0,1.0,1.0,1.3,1.3,0,10,0,0,0.0,0.0,10,0,0,0.0,0.0,0,0,0,0,0,0.0,0,0,0,0,0,0.0,0,0,0.0,0.0,20251220_544375_PD,2025-12-20,Primera Division,Real Madrid CF,Sevilla FC
1.3,1.3,0.0,0,0,0,1.0,1.0,0,0.0,1.3,1.3,0.0,0,0,0,1.0,1.0,0,0.0,0,0,0,1.0,1.0,1.3,1.3,0,10,0,0,0.0,0.0,10,0,0,0.0,0.0,0,0,0,0,0,0.0,0,0,0,0,0,0.0,0,0,0.0,0.0,20251220_537585_DED,2025-12-20,Eredivisie,SBV Excelsior,PEC Zwolle
1.3,1.3,0.0,0,0,0,1.0,1.0,0,0.0,1.3,1.3,0.0,0,0,0,1.0,1.0,0,0.0,0,0,0,1.0,1.0,1.3,1.3,0,10,0,0,0.0,0.0,10,0,0,0.0,0.0,0,0,0,0,0,0.0,0,0,0,0,0,0.0,0,0,0.0,0.0,20251220_537591_DED,2025-12-20,Eredivisie,Heracles Almelo,SC Heerenveen
1.3,1.3,0.0,0,0,0,1.0,1.0,0,0.0,1.3,1.3,0.0,0,0,0,1.0,1.0,0,0.0,0,0,0,1.0,1.0,1.3,1.3,0,10,0,0,0.0,0.0,10,0,0,0.0,0.0,0,0,0,0,0,0.0,0,0,0,0,0,0.0,0,0,0.0,0.0,20251220_540969_ELC,2025-12-20,Championship,Ipswich Town FC,Sheffield Wednesday FC
1.3,1.3,0.0,0,0,0,1.0,1.0,0,0.0,1.3,1.3,0.0,0,0,0,1.0,1.0,0,0.0,0,0,0,1.0,1.0,1.3,1.3,0,10,0,0,0.0,0.0,10,0,0,0.0,0.0,0,0,0,0,0,0.0,0,0,0,0,0,0.0,0,0,0.0,0.0,20251220_540972_ELC,2025-12-20,Championship,Sheffield United FC,Birmingham City FC
1.3,1.3,0.0,0,0,0,1.0,1.0,0,0.0,1.3,1.3,0.0,0,0,0,1.0,1.0,0,0.0,0,0,0,1.0,1.0,1.3,1.3,0,10,0,0,0.0,0.0,10,0,0,0.0,0.0,0,0,0,0,0,0.0,0,0,0,0,0,0.0,0,0,0.0,0.0,20251220_540535_BL1,2025-12-20,Bundesliga,VfB Stuttgart,TSG 1899 Hoffenheim
1.3,1.3,0.0,0,0,0,1.0,1.0,0,0.0,1.3,1.3,0.0,0,0,0,1.0,1.0,0,0.0,0,0,0,1.0,1.0,1.3,1.3,0,10,0,0,0.0,0.0,10,0,0,0.0,0.0,0,0,0,0,0,0.0,0,0,0,0,0,0.0,0,0,0.0,0.0,20251220_540536_BL1,2025-12-20,Bundesliga,VfL Wolfsburg,SC Freiburg
1.3,1.3,0.0,0,0,0,1.0,1.0,0,0.0,1.3,1.3,0.0,0,0,0,1.0,1.0,0,0.0,0,0,0,1.0,1.0,1.3,1.3,0,10,0,0,0.0,0.0,10,0,0,0.0,0.0,0,0,0,0,0,0.0,0,0,0,0,0,0.0,0,0,0.0,0.0,20251220_540539_BL1,2025-12-20,Bundesliga,1. FC Köln,1. FC Union Berlin
1.3,1.3,0.0,0,0,0,1.0,1.0,0,0.0,1.3,1.3,0.0,0,0,0,1.0,1.0,0,0.0,0,0,0,1.0,1.0,1.3,1.3,0,10,0,0,0.0,0.0,10,0,0,0.0,0.0,0,0,0,0,0,0.0,0,0,0,0,0,0.0,0,0,0.0,0.0,20251220_540540_BL1,2025-12-20,Bundesliga,Hamburger SV,Eintracht Frankfurt
1.3,1.3,0.0,0,0,0,1.0,1.0,0,0.0,1.3,1.3,0.0,0,0,0,1.0,1.0,0,0.0,0,0,0,1.0,1.0,1.3,1.3,0,10,0,0,0.0,0.0,10,0,0,0.0,0.0,0,0,0,0,0,0.0,0,0,0,0,0,0.0,0,0,0.0,0.0,20251220_540534_BL1,2025-12-20,Bundesliga,RB Leipzig,Bayer 04 Leverkusen
1.3,1.3,0.0,0,0,0,1.0,1.0,0,0.0,1.3,1.3,0.0,0,0,0,1.0,1.0,0,0.0,0,0,0,1.0,1.0,1.3,1.3,0,10,0,0,0.0,0.0,10,0,0,0.0,0.0,0,0,0,0,0,0.0,0,0,0,0,0,0.0,0,0,0.0,0.0,20251220_545829_PPL,2025-12-20,Primeira Liga,Gil Vicente FC,Rio Ave FC
1.3,1.3,0.0,0,0,0,1.0,1.0,0,0.0,1.3,1.3,0.0,0,0,0,1.0,1.0,0,0.0,0,0,0,1.0,1.0,1.3,1.3,0,10,0,0,0.0,0.0,10,0,0,0.0,0.0,0,0,0,0,0,0.0,0,0,0,0,0,0.0,0,0,0.0,0.0,20251220_545827_PPL,2025-12-20,Primeira Liga,CF Estrela da Amadora,Moreirense FC
1.3,1.3,0.0,0,0,0,1.0,1.0,0,0.0,1.3,1.3,0.0,0,0,0,1.0,1.0,0,0.0,0,0,0,1.0,1.0,1.3,1.3,0,10,0,0,0.0,0.0,10,0,0,0.0,0.0,0,0,0,0,0,0.0,0,0,0,0,0,0.0,0,0,0.0,0.0,20251221_537589_DED,2025-12-21,Eredivisie,Fortuna Sittard,AZ
1.3,1.3,0.0,0,0,0,1.0,1.0,0,0.0,1.3,1.3,0.0,0,0,0,1.0,1.0,0,0.0,0,0,0,1.0,1.0,1.3,1.3,0,10,0,0,0.0,0.0,10,0,0,0.0,0.0,0,0,0,0,0,0.0,0,0,0,0,0,0.0,0,0,0.0,0.0,20251221_536966_SA,2025-12-21,Serie A,Cagliari Calcio,AC Pisa 1909
1.3,1.3,0.0,0,0,0,1.0,1.0,0,0.0,1.3,1.3,0.0,0,0,0,1.0,1.0,0,0.0,0,0,0,1.0,1.0,1.3,1.3,0,10,0,0,0.0,0.0,10,0,0,0.0,0.0,0,0,0,0,0,0.0,0,0,0,0,0,0.0,0,0,0.0,0.0,20251221_536973_SA,2025-12-21,Serie A,US Sassuolo Calcio,Torino FC
1.3,1.3,0.0,0,0,0,1.0,1.0,0,0.0,1.36,1.74,-0.39,0,0,0,1.36,1.74,0,0.0,0,0,0,1.0,1.0,1.3,1.3,0,10,0,0,0.0,0.0,10,0,0,0.0,0.0,0,0,0,0,0,0.0,0,0,0,0,0,0.0,0,0,0.39,0.0,20251221_536965_SA,2025-12-21,Serie A,ACF Fiorentina,Udinese Calcio
1.35,1.46,-0.11,0,0,0,1.35,1.46,0,0.0,1.3,1.3,0.0,0,0,0,1.0,1.0,0,0.0,0,0,0,1.0,1.0,1.3,1.3,0,10,0,0,0.0,0.0,10,0,0,0.0,0.0,0,0,0,0,0,0.0,0,0,0,0,0,0.0,0,0,-0.11,0.0,20251221_536967_SA,2025-12-21,Serie A,Genoa CFC,Atalanta BC
1.3,1.3,0.0,0,0,0,1.0,1.0,0,0.0,1.68,1.4,0.28,0,0,0,1.68,1.4,0,0.0,0,0,0,1.0,1.0,1.3,1.3,0,10,0,0,0.0,0.0,10,0,0,0.0,0.0,0,0,0,0,0,0.0,0,0,0,0,0,0.0,0,0,-0.28,0.0,20251221_537946_PL,2025-12-21,Premier League,Aston Villa FC,Manchester United FC
1.3,1.3,0.0,0,0,0,1.0,1.0,0,0.0,1.3,1.3,0.0,0,0,0,1.0,1.0,0,0.0,0,0,0,1.0,1.0,1.3,1.3,0,10,0,0,0.0,0.0,10,0,0,0.0,0.0,0,0,0,0,0,0.0,0,0,0,0,0,0.0,0,0,0.0,0.0,20251221_544377_PD,2025-12-21,Primera Division,Girona FC,Club Atlético de Madrid
1.3,1.3,0.0,0,0,0,1.0,1.0,0,0.0,1.3,1.3,0.0,0,0,0,1.0,1.0,0,0.0,0,0,0,1.0,1.0,1.3,1.3,0,10,0,0,0.0,0.0,10,0,0,0.0,0.0,0,0,0,0,0,0.0,0,0,0,0,0,0.0,0,0,0.0,0.0,20251221_544378_PD,2025-12-21,Primera Division,Villarreal CF,FC Barcelona
1.3,1.3,0.0,0,0,0,1.0,1.0,0,0.0,1.3,1.3,0.0,0,0,0,1.0,1.0,0,0.0,0,0,0,1.0,1.0,1.3,1.3,0,10,0,0,0.0,0.0,10,0,0,0.0,0.0,0,0,0,0,0,0.0,0,0,0,0,0,0.0,0,0,0.0,0.0,20251221_544373_PD,2025-12-21,Primera Division,Elche CF,Rayo Vallecano de Madrid
1.3,1.3,0.0,0,0,0,1.0,1.0,0,0.0,1.3,1.3,0.0,0,0,0,1.0,1.0,0,0.0,0,0,0,1.0,1.0,1.3,1.3,0,10,0,0,0.0,0.0,10,0,0,0.0,0.0,0,0,0,0,0,0.0,0,0,0,0,0,0.0,0,0,0.0,0.0,20251221_544372_PD,2025-12-21,Primera Division,Real Betis Balompié,Getafe CF
1.3,1.3,0.0,0,0,0,1.0,1.0,0,0.0,1.3,1.3,0.0,0,0,0,1.0,1.0,0,0.0,0,0,0,1.0,1.0,1.3,1.3,0,10,0,0,0.0,0.0,10,0,0,0.0,0.0,0,0,0,0,0,0.0,0,0,0,0,0,0.0,0,0,0.0,0.0,20251221_540533_BL1,2025-12-21,Bundesliga,1. FSV Mainz 05,FC St. Pauli 1910
1.3,1.3,0.0,0,0,0,1.0,1.0,0,0.0,1.3,1.3,0.0,0,0,0,1.0,1.0,0,0.0,0,0,0,1.0,1.0,1.3,1.3,0,10,0,0,0.0,0.0,10,0,0,0.0,0.0,0,0,0,0,0,0.0,0,0,0,0,0,0.0,0,0,0.0,0.0,20251221_540538_BL1,2025-12-21,Bundesliga,1. FC Heidenheim 1846,FC Bayern München
1.3,1.3,0.0,0,0,0,1.0,1.0,0,0.0,1.3,1.3,0.0,0,0,0,1.0,1.0,0,0.0,0,0,0,1.0,1.0,1.3,1.3,0,10,0,0,0.0,0.0,10,0,0,0.0,0.0,0,0,0,0,0,0.0,0,0,0,0,0,0.0,0,0,0.0,0.0,20251221_545826_PPL,2025-12-21,Primeira Liga,AVS,CD Nacional
1.3,1.3,0.0,0,0,0,1.0,1.0,0,0.0,1.3,1.3,0.0,0,0,0,1.0,1.0,0,0.0,0,0,0,1.0,1.0,1.3,1.3,0,10,0,0,0.0,0.0,10,0,0,0.0,0.0,0,0,0,0,0,0.0,0,0,0,0,0,0.0,0,0,0.0,0.0,20251221_545832_PPL,2025-12-21,Primeira Liga,CD Tondela,Casa Pia AC
1.3,1.3,0.0,0,0,0,1.0,1.0,0,0.0,1.3,1.3,0.0,0,0,0,1.0,1.0,0,0.0,0,0,0,1.0,1.0,1.3,1.3,0,10,0,0,0.0,0.0,10,0,0,0.0,0.0,0,0,0,0,0,0.0,0,0,0,0,0,0.0,0,0,0.0,0.0,20251221_545833_PPL,2025-12-21,Primeira Liga,CD Santa Clara,FC Arouca
1.3,1.3,0.0,0,0,0,1.0,1.0,0,0.0,1.3,1.3,0.0,0,0,0,1.0,1.0,0,0.0,0,0,0,1.0,1.0,1.3,1.3,0,10,0,0,0.0,0.0,10,0,0,0.0,0.0,0,0,0,0,0,0.0,0,0,0,0,0,0.0,0,0,0.0,0.0,20251221_537586_DED,2025-12-21,Eredivisie,FC Utrecht,PSV
1.3,1.3,0.0,0,0,0,1.0,1.0,0,0.0,1.3,1.3,0.0,0,0,0,1.0,1.0,0,0.0,0,0,0,1.0,1.0,1.3,1.3,0,10,0,0,0.0,0.0,10,0,0,0.0,0.0,0,0,0,0,0,0.0,0,0,0,0,0,0.0,0,0,0.0,0.0,20251221_537588_DED,2025-12-21,Eredivisie,Feyenoord Rotterdam,FC Twente '65
1.3,1.3,0.0,0,0,0,1.0,1.0,0,0.0,1.3,1.3,0.0,0,0,0,1.0,1.0,0,0.0,0,0,0,1.0,1.0,1.3,1.3,0,10,0,0,0.0,0.0,10,0,0,0.0,0.0,0,0,0,0,0,0.0,0,0,0,0,0,0.0,0,0,0.0,0.0,20251221_537590_DED,2025-12-21,Eredivisie,Go Ahead Eagles,FC Groningen
1.3,1.3,0.0,0,0,0,1.0,1.0,0,0.0,1.3,1.3,0.0,0,0,0,1.0,1.0,0,0.0,0,0,0,1.0,1.0,1.3,1.3,0,10,0,0,0.0,0.0,10,0,0,0.0,0.0,0,0,0,0,0,0.0,0,0,0,0,0,0.0,0,0,0.0,0.0,20251221_537587_DED,2025-12-21,Eredivisie,FC Volendam,Sparta Rotterdam
1.3,1.3,0.0,0,0,0,1.0,1.0,0,0.0,1.3,1.3,0.0,0,0,0,1.0,1.0,0,0.0,0,0,0,1.0,1.0,1.3,1.3,0,10,0,0,0.0,0.0,10,0,0,0.0,0.0,0,0,0,0,0,0.0,0,0,0,0,0,0.0,0,0,0.0,0.0,20251222_537949_PL,2025-12-22,Premier League,Fulham FC,Nottingham Forest FC
1.3,1.3,0.0,0,0,0,1.0,1.0,0,0.0,1.3,1.3,0.0,0,0,0,1.0,1.0,0,0.0,0,0,0,1.0,1.0,1.3,1.3,0,10,0,0,0.0,0.0,10,0,0,0.0,0.0,0,0,0,0,0,0.0,0,0,0,0,0,0.0,0,0,0.0,0.0,20251222_544371_PD,2025-12-22,Primera Division,Athletic Club,RCD Espanyol de Barcelona
1.3,1.3,0.0,0,0,0,1.0,1.0,0,0.0,1.3,1.3,0.0,0,0,0,1.0,1.0,0,0.0,0,0,0,1.0,1.0,1.3,1.3,0,10,0,0,0.0,0.0,10,0,0,0.0,0.0,0,0,0,0,0,0.0,0,0,0,0,0,0.0,0,0,0.0,0.0,20251222_545830_PPL,2025-12-22,Primeira Liga,Sport Lisboa e Benfica,FC Famalicão
1.3,1.3,0.0,0,0,0,1.0,1.0,0,0.0,1.3,1.3,0.0,0,0,0,1.0,1.0,0,0.0,0,0,0,1.0,1.0,1.3,1.3,0,10,0,0,0.0,0.0,10,0,0,0.0,0.0,0,0,0,0,0,0.0,0,0,0,0,0,0.0,0,0,0.0,0.0,20251222_545828_PPL,2025-12-22,Primeira Liga,FC Alverca,FC Porto
1.3,1.3,0.0,0,0,0,1.0,1.0,0,0.0,1.3,1.3,0.0,0,0,0,1.0,1.0,0,0.0,0,0,0,1.0,1.0,1.3,1.3,0,10,0,0,0.0,0.0,10,0,0,0.0,0.0,0,0,0,0,0,0.0,0,0,0,0,0,0.0,0,0,0.0,0.0,20251223_545831_PPL,2025-12-23,Primeira Liga,Vitória SC,Sporting Clube de Portugal
1.3,1.3,0.0,0,0,0,1.0,1.0,0,0.0,1.3,1.3,0.0,0,0,0,1.0,1.0,0,0.0,0,0,0,1.0,1.0,1.3,1.3,0,10,0,0,0.0,0.0,10,0,0,0.0,0.0,0,0,0,0,0,0.0,0,0,0,0,0,0.0,0,0,0.0,0.0,20251226_540978_ELC,2025-12-26,Championship,Leicester City FC,Watford FC
1.3,1.3,0.0,0,0,0,1.0,1.0,0,0.0,1.3,1.3,0.0,0,0,0,1.0,1.0,0,0.0,0,0,0,1.0,1.0,1.3,1.3,0,10,0,0,0.0,0.0,10,0,0,0.0,0.0,0,0,0,0,0,0.0,0,0,0,0,0,0.0,0,0,0.0,0.0,20251226_540979_ELC,2025-12-26,Championship,Middlesbrough FC,Blackburn Rovers FC
1.3,1.3,0.0,0,0,0,1.0,1.0,0,0.0,1.3,1.3,0.0,0,0,0,1.0,1.0,0,0.0,0,0,0,1.0,1.0,1.3,1.3,0,10,0,0,0.0,0.0,10,0,0,0.0,0.0,0,0,0,0,0,0.0,0,0,0,0,0,0.0,0,0,0.0,0.0,20251226_540981_ELC,2025-12-26,Championship,Norwich City FC,Charlton Athletic FC
1.3,1.3,0.0,0,0,0,1.0,1.0,0,0.0,1.3,1.3,0.0,0,0,0,1.0,1.0,0,0.0,0,0,0,1.0,1.0,1.3,1.3,0,10,0,0,0.0,0.0,10,0,0,0.0,0.0,0,0,0,0,0,0.0,0,0,0,0,0,0.0,0,0,0.0,0.0,20251226_540982_ELC,2025-12-26,Championship,Oxford United FC,Southampton FC
1.3,1.3,0.0,0,0,0,1.0,1.0,0,0.0,1.3,1.3,0.0,0,0,0,1.0,1.0,0,0.0,0,0,0,1.0,1.0,1.3,1.3,0,10,0,0,0.0,0.0,10,0,0,0.0,0.0,0,0,0,0,0,0.0,0,0,0,0,0,0.0,0,0,0.0,0.0,20251226_540983_ELC,2025-12-26,Championship,Portsmouth FC,Queens Park Rangers FC
1.24,1.36,-0.12,0,0,0,1.24,1.36,0,0.0,1.3,1.3,0.0,0,0,0,1.0,1.0,0,0.0,0,0,0,1.0,1.0,1.3,1.3,0,10,0,0,0.0,0.0,10,0,0,0.0,0.0,0,0,0,0,0,0.0,0,0,0,0,0,0.0,0,0,-0.12,0.0,20251226_540984_ELC,2025-12-26,Championship,Sheffield Wednesday FC,Hull City AFC
1.3,1.3,0.0,0,0,0,1.0,1.0,0,0.0,1.3,1.3,0.0,0,0,0,1.0,1.0,0,0.0,0,0,0,1.0,1.0,1.3,1.3,0,10,0,0,0.0,0.0,10,0,0,0.0,0.0,0,0,0,0,0,0.0,0,0,0,0,0,0.0,0,0,0.0,0.0,20251226_540985_ELC,2025-12-26,Championship,Stoke City FC,Preston North End FC
1.3,1.3,0.0,0,0,0,1.0,1.0,0,0.0,1.3,1.3,0.0,0,0,0,1.0,1.0,0,0.0,0,0,0,1.0,1.0,1.3,1.3,0,10,0,0,0.0,0.0,10,0,0,0.0,0.0,0,0,0,0,0,0.0,0,0,0,0,0,0.0,0,0,0.0,0.0,20251226_540986_ELC,2025-12-26,Championship,West Bromwich Albion FC,Bristol City FC
1.3,1.3,0.0,0,0,0,1.0,1.0,0,0.0,1.3,1.3,0.0,0,0,0,1.0,1.0,0,0.0,0,0,0,1.0,1.0,1.3,1.3,0,10,0,0,0.0,0.0,10,0,0,0.0,0.0,0,0,0,0,0,0.0,0,0,0,0,0,0.0,0,0,0.0,0.0,20251226_540987_ELC,2025-12-26,Championship,Wrexham AFC,Sheffield United FC
1.68,1.4,0.28,0,0,0,1.68,1.4,0,0.0,1.32,1.44,-0.12,0,0,0,1.32,1.44,0,0.0,0,0,0,1.0,1.0,1.3,1.3,0,10,0,0,0.0,0.0,10,0,0,0.0,0.0,0,0,0,0,0,0.0,0,0,0,0,0,0.0,0,0,0.4,0.0,20251226_537962_PL,2025-12-26,Premier League,Manchester United FC,Newcastle United FC
1.3,1.3,0.0,0,0,0,1.0,1.0,0,0.0,1.4,1.25,0.15,0,0,0,1.4,1.25,0,0.0,0,0,0,1.0,1.0,1.3,1.3,0,10,0,0,0.0,0.0,10,0,0,0.0,0.0,0,0,0,0,0,0.0,0,0,0,0,0,0.0,0,0,-0.15,0.0,20251226_540976_ELC,2025-12-26,Championship,Birmingham City FC,Derby County FC
1.3,1.3,0.0,0,0,0,1.0,1.0,0,0.0,1.3,1.3,0.0,0,0,0,1.0,1.0,0,0.0,0,0,0,1.0,1.0,1.3,1.3,0,10,0,0,0.0,0.0,10,0,0,0.0,0.0,0,0,0,0,0,0.0,0,0,0,0,0,0.0,0,0,0.0,0.0,20251226_540980_ELC,2025-12-26,Championship,Millwall FC,Ipswich Town FC
1.3,1.3,0.0,0,0,0,1.0,1.0,0,0.0,1.3,1.3,0.0,0,0,0,1.0,1.0,0,0.0,0,0,0,1.0,1.0,1.3,1.3,0,10,0,0,0.0,0.0,10,0,0,0.0,0.0,0,0,0,0,0,0.0,0,0,0,0,0,0.0,0,0,0.0,0.0,20251226_540977_ELC,2025-12-26,Championship,Coventry City FC,Swansea City AFC
1.3,1.3,0.0,0,0,0,1.0,1.0,0,0.0,1.3,1.3,0.0,0,0,0,1.0,1.0,0,0.0,0,0,0,1.0,1.0,1.3,1.3,0,10,0,0,0.0,0.0,10,0,0,0.0,0.0,0,0,0,0,0,0.0,0,0,0,0,0,0.0,0,0,0.0,0.0,20251227_537959_PL,2025-12-27,Premier League,Burnley FC,Everton FC
1.3,1.3,0.0,0,0,0,1.0,1.0,0,0.0,1.3,1.3,0.0,0,0,0,1.0,1.0,0,0.0,0,0,0,1.0,1.0,1.3,1.3,0,10,0,0,0.0,0.0,10,0,0,0.0,0.0,0,0,0,0,0,0.0,0,0,0,0,0,0.0,0,0,0.0,0.0,20251227_536980_SA,2025-12-27,Serie A,Parma Calcio 1913,ACF Fiorentina
1.3,1.3,0.0,0,0,0,1.0,1.0,0,0.0,1.3,1.3,0.0,0,0,0,1.0,1.0,0,0.0,0,0,0,1.0,1.0,1.3,1.3,0,10,0,0,0.0,0.0,10,0,0,0.0,0.0,0,0,0,0,0,0.0,0,0,0,0,0,0.0,0,0,0.0,0.0,20251227_536979_SA,2025-12-27,Serie A,Torino FC,Cagliari Calcio
1.3,1.3,0.0,0,0,0,1.0,1.0,0,0.0,1.3,1.3,0.0,0,0,0,1.0,1.0,0,0.0,0,0,0,1.0,1.0,1.3,1.3,0,10,0,0,0.0,0.0,10,0,0,0.0,0.0,0,0,0,0,0,0.0,0,0,0,0,0,0.0,0,0,0.0,0.0,20251227_536984_SA,2025-12-27,Serie A,US Lecce,Como 1907
1.36,1.74,-0.39,0,0,0,1.36,1.74,0,0.0,1.3,1.3,0.0,0,0,0,1.0,1.0,0,0.0,0,0,0,1.0,1.0,1.3,1.3,0,10,0,0,0.0,0.0,10,0,0,0.0,0.0,0,0,0,0,0,0.0,0,0,0,0,0,0.0,0,0,-0.39,0.0,20251227_536982_SA,2025-12-27,Serie A,Udinese Calcio,SS Lazio
1.3,1.3,0.0,0,0,0,1.0,1.0,0,0.0,1.79,1.63,0.16,0,0,0,1.79,1.63,0,0.0,0,0,0,1.0,1.0,1.3,1.3,0,10,0,0,0.0,0.0,10,0,0,0.0,0.0,0,0,0,0,0,0.0,0,0,0,0,0,0.0,0,0,-0.16,0.0,20251227_536981_SA,2025-12-27,Serie A,AC Pisa 1909,Juventus FC
1.3,1.3,0.0,0,0,0,1.0,1.0,0,0.0,1.9,1.3,0.61,0,0,0,1.9,1.3,0,0.0,0,0,0,1.0,1.0,1.3,1.3,0,10,0,0,0.0,0.0,10,0,0,0.0,0.0,0,0,0,0,0,0.0,0,0,0,0,0,0.0,0,0,-0.61,0.0,20251227_537963_PL,2025-12-27,Premier League,Nottingham Forest FC,Manchester City FC
1.3,1.3,0.0,0,0,0,1.0,1.0,0,0.0,1.3,1.3,0.0,0,0,0,1.0,1.0,0,0.0,0,0,0,1.0,1.0,1.3,1.3,0,10,0,0,0.0,0.0,10,0,0,0.0,0.0,0,0,0,0,0,0.0,0,0,0,0,0,0.0,0,0,0.0,0.0,20251227_537957_PL,2025-12-27,Premier League,Arsenal FC,Brighton & Hove Albion FC
1.35,1.4,-0.05,0,0,0,1.35,1.4,0,0.0,1.3,1.52,-0.23,0,0,0,1.3,1.52,0,0.0,0,0,0,1.0,1.0,1.3,1.3,0,10,0,0,0.0,0.0,10,0,0,0.0,0.0,0,0,0,0,0,0.0,0,0,0,0,0,0.0,0,0,0.18,0.0,20251227_537958_PL,2025-12-27,Premier League,Brentford FC,AFC Bournemouth
1.3,1.3,0.0,0,0,0,1.0,1.0,0,0.0,1.46,1.46,0.0,0,0,0,1.46,1.46,0,0.0,0,0,0,1.0,1.0,1.3,1.3,0,10,0,0,0.0,0.0,10,0,0,0.0,0.0,0,0,0,0,0,0.0,0,0,0,0,0,0.0,0,0,0.0,0.0,20251227_537961_PL,2025-12-27,Premier League,Liverpool FC,Wolverhampton Wanderers FC
1.19,1.56,-0.36,0,0,0,1.19,1.56,0,0.0,1.3,1.3,0.0,0,0,0,1.0,1.0,0,0.0,0,0,0,1.0,1.0,1.3,1.3,0,10,0,0,0.0,0.0,10,0,0,0.0,0.0,0,0,0,0,0,0.0,0,0,0,0,0,0.0,0,0,-0.36,0.0,20251227_537964_PL,2025-12-27,Premier League,West Ham United FC,Fulham FC
1.3,1.3,0.0,0,0,0,1.0,1.0,0,0.0,1.3,1.3,0.0,0,0,0,1.0,1.0,0,0.0,0,0,0,1.0,1.0,1.3,1.3,0,10,0,0,0.0,0.0,10,0,0,0.0,0.0,0,0,0,0,0,0.0,0,0,0,0,0,0.0,0,0,0.0,0.0,20251227_537960_PL,2025-12-27,Premier League,Chelsea FC,Aston Villa FC
1.3,1.3,0.0,0,0,0,1.0,1.0,0,0.0,1.29,1.47,-0.18,0,0,0,1.29,1.47,0,0.0,0,0,0,1.0,1.0,1.3,1.3,0,10,0,0,0.0,0.0,10,0,0,0.0,0.0,0,0,0,0,0,0.0,0,0,0,0,0,0.0,0,0,0.18,0.0,20251227_545839_PPL,2025-12-27,Primeira Liga,FC Famalicão,CF Estrela da Amadora
1.23,1.3,-0.08,0,0,0,1.23,1.3,0,0.0,1.3,1.3,0.0,0,0,0,1.0,1.0,0,0.0,0,0,0,1.0,1.0,1.3,1.3,0,10,0,0,0.0,0.0,10,0,0,0.0,0.0,0,0,0,0,0,0.0,0,0,0,0,0,0.0,0,0,-0.08,0.0,20251227_545840_PPL,2025-12-27,Primeira Liga,GD Estoril Praia,FC Alverca
1.57,1.16,0.41,0,0,0,1.57,1.16,0,0.0,1.3,1.3,0.0,0,0,0,1.0,1.0,0,0.0,0,0,0,1.0,1.0,1.3,1.3,0,10,0,0,0.0,0.0,10,0,0,0.0,0.0,0,0,0,0,0,0.0,0,0,0,0,0,0.0,0,0,0.41,0.0,20251228_536975_SA,2025-12-28,Serie A,AC Milan,Hellas Verona FC
1.3,1.3,0.0,0,0,0,1.0,1.0,0,0.0,1.3,1.3,0.0,0,0,0,1.0,1.0,0,0.0,0,0,0,1.0,1.0,1.3,1.3,0,10,0,0,0.0,0.0,10,0,0,0.0,0.0,0,0,0,0,0,0.0,0,0,0,0,0,0.0,0,0,0.0,0.0,20251228_536983_SA,2025-12-28,Serie A,US Cremonese,SSC Napoli
1.3,1.3,0.0,0,0,0,1.0,1.0,0,0.0,1.3,1.3,0.0,0,0,0,1.0,1.0,0,0.0,0,0,0,1.0,1.0,1.3,1.3,0,10,0,0,0.0,0.0,10,0,0,0.0,0.0,0,0,0,0,0,0.0,0,0,0,0,0,0.0,0,0,0.0,0.0,20251228_536978_SA,2025-12-28,Serie A,Bologna FC 1909,US Sassuolo Calcio
1.3,1.3,0.0,0,0,0,1.0,1.0,0,0.0,1.3,1.3,0.0,0,0,0,1.0,1.0,0,0.0,0,0,0,1.0,1.0,1.3,1.3,0,10,0,0,0.0,0.0,10,0,0,0.0,0.0,0,0,0,0,0,0.0,0,0,0,0,0,0.0,0,0,0.0,0.0,20251228_536977_SA,2025-12-28,Serie A,Atalanta BC,FC Internazionale Milano
1.29,1.3,-0.01,0,0,0,1.29,1.3,0,0.0,1.3,1.34,-0.05,0,0,0,1.3,1.34,0,0.0,0,0,0,1.0,1.0,1.3,1.3,0,10,0,0,0.0,0.0,10,0,0,0.0,0.0,0,0,0,0,0,0.0,0,0,0,0,0,0.0,0,0,0.04,0.0,20251228_537955_PL,2025-12-28,Premier League,Sunderland AFC,Leeds United FC
1.41,1.59,-0.18,0,0,0,1.41,1.59,0,0.0,1.27,1.5,-0.24,0,0,0,1.27,1.5,0,0.0,0,0,0,1.0,1.0,1.3,1.3,0,10,0,0,0.0,0.0,10,0,0,0.0,0.0,0,0,0,0,0,0.0,0,0,0,0,0,0.0,0,0,0.06,0.0,20251228_537956_PL,2025-12-28,Premier League,Crystal Palace FC,Tottenham Hotspur FC
1.3,1.3,0.0,0,0,0,1.0,1.0,0,0.0,1.3,1.3,0.0,0,0,0,1.0,1.0,0,0.0,0,0,0,1.0,1.0,1.3,1.3,0,10,0,0,0.0,0.0,10,0,0,0.0,0.0,0,0,0,0,0,0.0,0,0,0,0,0,0.0,0,0,0.0,0.0,20251228_545835_PPL,2025-12-28,Primeira Liga,Casa Pia AC,Vitória SC
1.3,1.3,0.0,0,0,0,1.0,1.0,0,0.0,1.3,1.3,0.0,0,0,0,1.0,1.0,0,0.0,0,0,0,1.0,1.0,1.3,1.3,0,10,0,0,0.0,0.0,10,0,0,0.0,0.0,0,0,0,0,0,0.0,0,0,0,0,0,0.0,0,0,0.0,0.0,20251228_545836_PPL,2025-12-28,Primeira Liga,FC Arouca,Gil Vicente FC
1.3,1.18,0.12,0,0,0,1.3,1.18,0,0.0,1.3,1.3,0.0,0,0,0,1.0,1.0,0,0.0,0,0,0,1.0,1.0,1.3,1.3,0,10,0,0,0.0,0.0,10,0,0,0.0,0.0,0,0,0,0,0,0.0,0,0,0,0,0,0.0,0,0,0.12,0.0,20251228_545843_PPL,2025-12-28,Primeira Liga,Sporting Clube de Braga,Sport Lisboa e Benfica
1.3,1.3,0.0,0,0,0,1.0,1.0,0,0.0,1.3,1.3,0.0,0,0,0,1.0,1.0,0,0.0,0,0,0,1.0,1.0,1.3,1.3,0,10,0,0,0.0,0.0,10,0,0,0.0,0.0,0,0,0,0,0,0.0,0,0,0,0,0,0.0,0,0,0.0,0.0,20251228_545841_PPL,2025-12-28,Primeira Liga,Sporting Clube de Portugal,Rio Ave FC
1.3,1.3,0.0,0,0,0,1.0,1.0,0,0.0,1.3,1.3,0.0,0,0,0,1.0,1.0,0,0.0,0,0,0,1.0,1.0,1.3,1.3,0,10,0,0,0.0,0.0,10,0,0,0.0,0.0,0,0,0,0,0,0.0,0,0,0,0,0,0.0,0,0,0.0,0.0,20251229_540997_ELC,2025-12-29,Championship,Stoke City FC,Sheffield United FC
1.81,1.57,0.24,0,0,0,1.81,1.57,0,0.0,1.35,1.46,-0.11,0,0,0,1.35,1.46,0,0.0,0,0,0,1.0,1.0,1.3,1.3,0,10,0,0,0.0,0.0,10,0,0,0.0,0.0,0,0,0,0,0,0.0,0,0,0,0,0,0.0,0,0,0.35,0.0,20251229_536976_SA,2025-12-29,Serie A,AS Roma,Genoa CFC
1.3,1.3,0.0,0,0,0,1.0,1.0,0,0.0,1.3,1.3,0.0,0,0,0,1.0,1.0,0,0.0,0,0,0,1.0,1.0,1.3,1.3,0,10,0,0,0.0,0.0,10,0,0,0.0,0.0,0,0,0,0,0,0.0,0,0,0,0,0,0.0,0,0,0.0,0.0,20251229_545838_PPL,2025-12-29,Primeira Liga,FC Porto,AVS
1.3,1.3,0.0,0,0,0,1.0,1.0,0,0.0,1.3,1.3,0.0,0,0,0,1.0,1.0,0,0.0,0,0,0,1.0,1.0,1.3,1.3,0,10,0,0,0.0,0.0,10,0,0,0.0,0.0,0,0,0,0,0,0.0,0,0,0,0,0,0.0,0,0,0.0,0.0,20251229_540989_ELC,2025-12-29,Championship,Coventry City FC,Ipswich Town FC
1.3,1.3,0.0,0,0,0,1.0,1.0,0,0.0,1.4,1.25,0.15,0,0,0,1.4,1.25,0,0.0,0,0,0,1.0,1.0,1.3,1.3,0,10,0,0,0.0,0.0,10,0,0,0.0,0.0,0,0,0,0,0,0.0,0,0,0,0,0,0.0,0,0,-0.15,0.0,20251229_540990_ELC,2025-12-29,Championship,Leicester City FC,Derby County FC
1.3,1.3,0.0,0,0,0,1.0,1.0,0,0.0,1.3,1.3,0.0,0,0,0,1.0,1.0,0,0.0,0,0,0,1.0,1.0,1.3,1.3,0,10,0,0,0.0,0.0,10,0,0,0.0,0.0,0,0,0,0,0,0.0,0,0,0,0,0,0.0,0,0,0.0,0.0,20251229_540991_ELC,2025-12-29,Championship,Middlesbrough FC,Hull City AFC
1.3,1.3,0.0,0,0,0,1.0,1.0,0,0.0,1.3,1.3,0.0,0,0,0,1.0,1.0,0,0.0,0,0,0,1.0,1.0,1.3,1.3,0,10,0,0,0.0,0.0,10,0,0,0.0,0.0,0,0,0,0,0,0.0,0,0,0,0,0,0.0,0,0,0.0,0.0,20251229_540992_ELC,2025-12-29,Championship,Millwall FC,Bristol City FC
1.3,1.3,0.0,0,0,0,1.0,1.0,0,0.0,1.3,1.3,0.0,0,0,0,1.0,1.0,0,0.0,0,0,0,1.0,1.0,1.3,1.3,0,10,0,0,0.0,0.0,10,0,0,0.0,0.0,0,0,0,0,0,0.0,0,0,0,0,0,0.0,0,0,0.0,0.0,20251229_540993_ELC,2025-12-29,Championship,Norwich City FC,Watford FC
1.3,1.3,0.0,0,0,0,1.0,1.0,0,0.0,1.3,1.3,0.0,0,0,0,1.0,1.0,0,0.0,0,0,0,1.0,1.0,1.3,1.3,0,10,0,0,0.0,0.0,10,0,0,0.0,0.0,0,0,0,0,0,0.0,0,0,0,0,0,0.0,0,0,0.0,0.0,20251229_540994_ELC,2025-12-29,Championship,Oxford United FC,Swansea City AFC
1.3,1.3,0.0,0,0,0,1.0,1.0,0,0.0,1.3,1.3,0.0,0,0,0,1.0,1.0,0,0.0,0,0,0,1.0,1.0,1.3,1.3,0,10,0,0,0.0,0.0,10,0,0,0.0,0.0,0,0,0,0,0,0.0,0,0,0,0,0,0.0,0,0,0.0,0.0,20251229_540995_ELC,2025-12-29,Championship,Portsmouth FC,Charlton Athletic FC
1.24,1.36,-0.12,0,0,0,1.24,1.36,0,0.0,1.3,1.3,0.0,0,0,0,1.0,1.0,0,0.0,0,0,0,1.0,1.0,1.3,1.3,0,10,0,0,0.0,0.0,10,0,0,0.0,0.0,0,0,0,0,0,0.0,0,0,0,0,0,0.0,0,0,-0.12,0.0,20251229_540996_ELC,2025-12-29,Championship,Sheffield Wednesday FC,Blackburn Rovers FC
1.3,1.3,0.0,0,0,0,1.0,1.0,0,0.0,1.3,1.3,0.0,0,0,0,1.0,1.0,0,0.0,0,0,0,1.0,1.0,1.3,1.3,0,10,0,0,0.0,0.0,10,0,0,0.0,0.0,0,0,0,0,0,0.0,0,0,0,0,0,0.0,0,0,0.0,0.0,20251229_540998_ELC,2025-12-29,Championship,West Bromwich Albion FC,Queens Park Rangers FC
1.3,1.3,0.0,0,0,0,1.0,1.0,0,0.0,1.3,1.3,0.0,0,0,0,1.0,1.0,0,0.0,0,0,0,1.0,1.0,1.3,1.3,0,10,0,0,0.0,0.0,10,0,0,0.0,0.0,0,0,0,0,0,0.0,0,0,0,0,0,0.0,0,0,0.0,0.0,20251229_540999_ELC,2025-12-29,Championship,Wrexham AFC,Preston North End FC
1.3,1.3,0.0,0,0,0,1.0,1.0,0,0.0,1.3,1.3,0.0,0,0,0,1.0,1.0,0,0.0,0,0,0,1.0,1.0,1.3,1.3,0,10,0,0,0.0,0.0,10,0,0,0.0,0.0,0,0,0,0,0,0.0,0,0,0,0,0,0.0,0,0,0.0,0.0,20251229_540988_ELC,2025-12-29,Championship,Birmingham City FC,Southampton FC
1.84,1.31,0.53,0,0,0,1.84,1.31,0,0.0,1.3,1.47,-0.17,0,0,0,1.3,1.47,0,0.0,0,0,0,1.0,1.0,1.3,1.3,0,10,0,0,0.0,0.0,10,0,0,0.0,0.0,0,0,0,0,0,0.0,0,0,0,0,0,0.0,0,0,0.7000000000000001,0.0,20251230_537970_PL,2025-12-30,Premier League,Chelsea FC,AFC Bournemouth
1.94,1.3,0.64,0,0,0,1.94,1.3,0,0.0,1.33,1.6,-0.28,0,0,0,1.33,1.6,0,0.0,0,0,0,1.0,1.0,1.3,1.3,0,10,0,0,0.0,0.0,10,0,0,0.0,0.0,0,0,0,0,0,0.0,0,0,0,0,0,0.0,0,0,0.92,0.0,20251230_537967_PL,2025-12-30,Premier League,Arsenal FC,Aston Villa FC
1.24,1.47,-0.23,0,0,0,1.24,1.47,0,0.0,1.24,1.66,-0.43,0,0,0,1.24,1.66,0,0.0,0,0,0,1.0,1.0,1.3,1.3,0,10,0,0,0.0,0.0,10,0,0,0.0,0.0,0,0,0,0,0,0.0,0,0,0,0,0,0.0,0,0,0.1999999999999999,0.0,20251230_537974_PL,2025-12-30,Premier League,West Ham United FC,Brighton & Hove Albion FC
1.25,1.56,-0.32,0,0,0,1.25,1.56,0,0.0,1.35,1.6,-0.25,0,0,0,1.35,1.6,0,0.0,0,0,0,1.0,1.0,1.3,1.3,0,10,0,0,0.0,0.0,10,0,0,0.0,0.0,0,0,0,0,0,0.0,0,0,0,0,0,0.0,0,0,-0.07,0.0,20251230_537973_PL,2025-12-30,Premier League,Nottingham Forest FC,Everton FC
1.22,1.32,-0.1,0,0,0,1.22,1.32,0,0.0,1.32,1.44,-0.12,0,0,0,1.32,1.44,0,0.0,0,0,0,1.0,1.0,1.3,1.3,0,10,0,0,0.0,0.0,10,0,0,0.0,0.0,0,0,0,0,0,0.0,0,0,0,0,0,0.0,0,0,0.0199999999999999,0.0,20251230_537969_PL,2025-12-30,Premier League,Burnley FC,Newcastle United FC
1.68,1.4,0.28,0,0,0,1.68,1.4,0,0.0,1.41,1.58,-0.17,0,0,0,1.41,1.58,0,0.0,0,0,0,1.0,1.0,1.5,1.5,0,10,0,0,0.0,0.0,10,0,0,0.0,0.0,0,0,0,0,0,0.0,0,0,0,0,0,0.0,0,0,0.45,0.0,20251230_537972_PL,2025-12-30,Premier League,Manchester United FC,Wolverhampton Wanderers FC
1.35,1.37,-0.02,0,0,0,1.35,1.37,0,0.0,1.27,1.5,-0.24,0,0,0,1.27,1.5,0,0.0,0,0,0,1.0,1.0,1.3,1.3,0,10,0,0,0.0,0.0,10,0,0,0.0,0.0,0,0,0,0,0,0.0,0,0,0,0,0,0.0,0,0,0.22,0.0,20260101_537968_PL,2026-01-01,Premier League,Brentford FC,Tottenham Hotspur FC
1.29,1.3,-0.01,0,0,0,1.29,1.3,0,0.0,1.91,1.27,0.64,0,0,0,1.91,1.27,0,0.0,0,0,0,1.0,1.0,1.3,1.3,0,10,0,0,0.0,0.0,10,0,0,0.0,0.0,0,0,0,0,0,0.0,0,0,0,0,0,0.0,0,0,-0.65,0.0,20260101_537965_PL,2026-01-01,Premier League,Sunderland AFC,Manchester City FC
1.78,1.32,0.47,0,0,0,1.78,1.32,0,0.0,1.3,1.34,-0.05,0,0,0,1.3,1.34,0,0.0,0,0,0,1.0,1.0,1.3,1.3,0,10,0,0,0.0,0.0,10,0,0,0.0,0.0,0,0,0,0,0,0.0,0,0,0,0,0,0.0,0,0,0.52,0.0,20260101_537971_PL,2026-01-01,Premier League,Liverpool FC,Leeds United FC
1.41,1.59,-0.18,0,0,0,1.41,1.59,0,0.0,1.3,1.3,0.0,0,0,0,1.0,1.0,0,0.0,0,0,0,1.0,1.0,1.3,1.3,0,10,0,0,0.0,0.0,10,0,0,0.0,0.0,0,0,0,0,0,0.0,0,0,0,0,0,0.0,0,0,-0.18,0.0,20260101_537966_PL,2026-01-01,Premier League,Crystal Palace FC,Fulham FC
1.38,1.62,-0.25,0,0,1,1.0,3.0,0,0.0,1.3,1.3,0.0,0,0,0,1.0,1.0,0,0.0,0,0,0,1.0,1.0,1.3,1.3,0,19,0,-2,0.36,0.73,10,0,0,0.0,0.0,0,0,0,0,0,0.0,0,0,0,0,0,0.0,9,0,-0.25,0.0,20260107_536996_SA,2026-01-07,Serie A,Bologna FC 1909,Atalanta BC
1.63,1.17,0.46,0,0,0,1.63,1.17,0,0.0,1.29,1.27,0.01,0,0,0,1.29,1.27,0,0.0,0,0,0,1.0,1.0,1.3,1.3,0,10,0,0,0.0,0.0,10,0,0,0.0,0.0,0,0,0,0,0,0.0,0,0,0,0,0,0.0,0,0,0.45,0.0,20260107_537002_SA,2026-01-07,Serie A,SSC Napoli,Hellas Verona FC
1.2,1.34,-0.14,0,0,0,1.2,1.34,0,0.0,1.3,1.66,-0.36,0,0,0,1.3,1.66,0,0.0,0,0,0,1.0,1.0,1.3,1.3,0,10,0,0,0.0,0.0,10,0,0,0.0,0.0,0,0,0,0,0,0.0,0,0,0,0,0,0.0,0,0,0.21999999999999997,0.0,20260107_536997_SA,2026-01-07,Serie A,Torino FC,Udinese Calcio
1.67,1.26,0.41,0,0,0,1.67,1.26,0,0.0,1.28,1.29,-0.02,0,0,0,1.28,1.29,0,0.0,0,0,0,1.0,1.0,1.3,1.3,0,10,0,0,0.0,0.0,10,0,0,0.0,0.0,0,0,0,0,0,0.0,0,0,0,0,0,0.0,0,0,0.43,0.0,20260107_536998_SA,2026-01-07,Serie A,SS Lazio,ACF Fiorentina
1.36,1.31,0.05,0,0,0,1.36,1.31,0,0.0,1.46,1.3,0.15,1,0,0,3.0,1.0,3,0.0,0,0,0,1.0,1.0,1.3,1.3,0,10,0,0,0.0,0.0,3,3,2,1.0,1.0,0,0,0,0,0,0.0,0,0,0,0,0,0.0,7,3,-0.09999999999999999,0.0,20260107_536999_SA,2026-01-07,Serie A,Parma Calcio 1913,FC Internazionale Milano
1.18,1.53,-0.35,0,0,0,1.18,1.53,0,0.0,1.35,1.32,0.03,0,0,0,1.35,1.32,0,0.0,0,0,0,1.0,1.0,1.3,1.3,0,10,0,0,0.0,0.0,10,0,0,0.0,0.0,0,0,0,0,0,0.0,0,0,0,0,0,0.0,0,0,-0.38,0.0,20260107_537985_PL,2026-01-07,Premier League,AFC Bournemouth,Tottenham Hotspur FC
1.25,1.6,-0.35,0,0,0,1.25,1.6,0,0.0,1.4,1.39,0.01,0,0,0,1.4,1.39,0,0.0,0,0,0,1.0,1.0,1.3,1.3,0,10,0,0,0.0,0.0,10,0,0,0.0,0.0,0,0,0,0,0,0.0,0,0,0,0,0,0.0,0,0,-0.36,0.0,20260107_537986_PL,2026-01-07,Premier League,Crystal Palace FC,Aston Villa FC
1.3,1.35,-0.05,0,0,0,1.3,1.35,0,0.0,1.18,1.37,-0.2,0,0,0,1.18,1.37,0,0.0,0,0,0,1.0,1.0,1.3,1.3,0,10,0,0,0.0,0.0,10,0,0,0.0,0.0,0,0,0,0,0,0.0,0,0,0,0,0,0.0,0,0,0.15000000000000002,0.0,20260107_537988_PL,2026-01-07,Premier League,Brentford FC,Sunderland AFC
1.33,1.45,-0.12,0,0,0,1.33,1.45,0,0.0,1.38,1.49,-0.11,0,0,0,1.38,1.49,0,0.0,0,0,0,1.0,1.0,1.3,1.3,0,10,0,0,0.0,0.0,10,0,0,0.0,0.0,0,0,0,0,0,0.0,0,0,0,0,0,0.0,0,0,-0.009999999999999995,0.0,20260107_537990_PL,2026-01-07,Premier League,Everton FC,Wolverhampton Wanderers FC
1.17,1.4,-0.22,0,0,0,1.17,1.4,0,0.0,1.55,1.42,0.13,0,1,0,1.0,1.0,1,0.0,0,0,0,1.0,1.0,1.3,1.3,0,10,0,0,0.0,0.0,12,1,0,1.0,0.02,0,0,0,0,0,0.0,0,0,0,0,0,0.0,2,1,-0.35,0.0,20260107_537991_PL,2026-01-07,Premier League,Fulham FC,Chelsea FC
1.84,1.19,0.65,0,1,0,1.0,1.0,1,0.0,1.27,1.52,-0.26,0,0,0,1.27,1.52,0,0.0,0,0,0,1.0,1.0,1.3,1.3,0,14,1,0,1.0,0.02,10,0,0,0.0,0.0,0,0,0,0,0,0.0,0,0,0,0,0,0.0,4,1,0.91,0.0,20260107_537992_PL,2026-01-07,Premier League,Manchester City FC,Brighton & Hove Albion FC
1.22,1.32,-0.09,0,0,0,1.22,1.32,0,0.0,1.54,1.35,0.19,0,0,0,1.54,1.35,0,0.0,0,0,0,1.0,1.0,1.3,1.3,0,10,0,0,0.0,0.0,10,0,0,0.0,0.0,0,0,0,0,0,0.0,0,0,0,0,0,0.0,0,0,-0.28,0.0,20260107_537989_PL,2026-01-07,Premier League,Burnley FC,Manchester United FC
1.41,1.27,0.15,0,0,0,1.41,1.27,0,0.0,1.28,1.32,-0.04,0,0,0,1.28,1.32,0,0.0,0,0,0,1.0,1.0,1.3,1.3,0,10,0,0,0.0,0.0,10,0,0,0.0,0.0,0,0,0,0,0,0.0,0,0,0,0,0,0.0,0,0,0.19,0.0,20260107_537993_PL,2026-01-07,Premier League,Newcastle United FC,Leeds United FC
